open_time,open,high,low,close,volume,close_time,quote_volume,count,taker_buy_volume,taker_buy_quote_volume,ignore
1721260800000,0.0266800,0.0268200,0.0266770,0.0268200,740937,1721260979999,19828.6176900,165,527827,14128.0897190,0
1721260980000,0.0268250,0.0268810,0.0267810,0.0268670,382640,1721261159999,10268.4121650,107,291710,7830.5061800,0
1721261160000,0.0268780,0.0268780,0.0267290,0.0267390,419019,1721261339999,11230.4138520,163,168686,4516.8287390,0
1721261340000,0.0267400,0.0268700,0.0267400,0.0267870,829280,1721261519999,22246.0903400,147,141038,3781.1905990,0
1721261520000,0.0267900,0.0268480,0.0267180,0.0267180,180595,1721261699999,4834.8184800,95,75735,2025.4179560,0
1721261700000,0.0267240,0.0268600,0.0267100,0.0267630,971774,1721261879999,26030.4055930,205,557567,14943.4165290,0
1721261880000,0.0267730,0.0267900,0.0266820,0.0267510,2918366,1721262059999,78023.9317110,249,167252,4474.7410260,0
1721262060000,0.0267560,0.0268000,0.0267310,0.0268000,433583,1721262239999,11603.7445090,135,188352,5039.8724470,0
1721262240000,0.0268060,0.0269370,0.0268060,0.0269340,303882,1721262419999,8166.1967960,164,94191,2529.7536300,0
1721262420000,0.0269420,0.0270000,0.0269240,0.0270000,486526,1721262599999,13121.6052560,144,324090,8739.3246850,0
1721262600000,0.0270020,0.0270660,0.0269510,0.0270660,766164,1721262779999,20689.7243680,249,326540,8819.3006940,0
1721262780000,0.0270640,0.0270970,0.0270440,0.0270820,521604,1721262959999,14120.2911530,173,330907,8958.1541780,0
1721262960000,0.0270960,0.0271510,0.0270570,0.0271330,913370,1721263139999,24757.1747080,201,534210,14481.9723690,0
1721263140000,0.0271450,0.0272290,0.0270830,0.0271930,1209693,1721263319999,32865.5633120,251,767523,20862.7566230,0
1721263320000,0.0272020,0.0272200,0.0270720,0.0270880,328826,1721263499999,8915.7750900,129,186438,5055.0583260,0
1721263500000,0.0270840,0.0271240,0.0269780,0.0269780,341801,1721263679999,9240.7728180,106,118018,3192.5091490,0
1721263680000,0.0269660,0.0270850,0.0269470,0.0270800,228617,1721263859999,6174.1232810,108,111041,2998.6669110,0
1721263860000,0.0270880,0.0272310,0.0270800,0.0272280,850032,1721264039999,23094.4224120,193,532660,14474.6885040,0
1721264040000,0.0272340,0.0272870,0.0272040,0.0272720,1018186,1721264219999,27757.1552520,181,618866,16869.9713420,0
1721264220000,0.0272620,0.0272780,0.0271920,0.0272120,681112,1721264399999,18571.6613450,131,547849,14940.7737470,0
1721264400000,0.0272000,0.0273300,0.0271860,0.0272070,1556396,1721264579999,42450.0318020,252,732503,19975.9430800,0
1721264580000,0.0272290,0.0273120,0.0271950,0.0272400,323936,1721264759999,8825.3165820,104,207907,5663.2842270,0
1721264760000,0.0272430,0.0272750,0.0271630,0.0272020,697728,1721264939999,18976.9058980,117,416381,11327.8455370,0
1721264940000,0.0272190,0.0272330,0.0271240,0.0271360,206389,1721265119999,5611.1093310,86,69852,1900.3447340,0
1721265120000,0.0271270,0.0271270,0.0270300,0.0270720,1796985,1721265299999,48627.8310810,187,317172,8584.9790580,0
1721265300000,0.0270910,0.0273950,0.0270910,0.0273750,1486222,1721265479999,40579.2548050,370,1037249,28308.5203720,0
1721265480000,0.0273700,0.0274200,0.0273410,0.0274090,377162,1721265659999,10327.1240030,134,261706,7165.3902430,0
1721265660000,0.0274170,0.0276660,0.0273910,0.0275890,4095235,1721265839999,112812.4566250,424,3321008,91488.4565490,0
1721265840000,0.0275800,0.0276100,0.0274940,0.0275390,807750,1721266019999,22262.8734680,197,281760,7765.7063630,0
1721266020000,0.0275480,0.0278250,0.0275480,0.0278030,2243032,1721266199999,62133.8541530,449,986247,27313.6909500,0
1721266200000,0.0278060,0.0278160,0.0275290,0.0276200,2939834,1721266379999,81237.8858560,448,627369,17362.7998630,0
1721266380000,0.0276270,0.0277260,0.0275260,0.0275260,1377761,1721266559999,38015.3011160,287,500619,13816.2719810,0
1721266560000,0.0275220,0.0275720,0.0274330,0.0275720,1871472,1721266739999,51512.6831680,266,1313368,36157.5655590,0
1721266740000,0.0275830,0.0276490,0.0275170,0.0275890,1218411,1721266919999,33609.4607710,343,670877,18505.4591330,0
1721266920000,0.0275860,0.0276510,0.0275190,0.0275840,1413192,1721267099999,38959.4135460,224,458450,12639.2694070,0
1721267100000,0.0275850,0.0276380,0.0274930,0.0276300,1603892,1721267279999,44184.7406050,257,1086754,29941.8985550,0
1721267280000,0.0276370,0.0276600,0.0275650,0.0275650,992134,1721267459999,27402.7022690,202,516005,14252.6449830,0
1721267460000,0.0275500,0.0275830,0.0274910,0.0274910,211353,1721267639999,5820.3098920,117,115881,3191.8950320,0
1721267640000,0.0274890,0.0275250,0.0274610,0.0274690,299389,1721267819999,8230.9123310,100,98652,2712.1951200,0
1721267820000,0.0274800,0.0275040,0.0274490,0.0274710,354614,1721267999999,9743.1526750,103,233441,6414.2771620,0
1721268000000,0.0274910,0.0277650,0.0274500,0.0277210,1259622,1721268179999,34813.0336110,299,425564,11757.2022360,0
1721268180000,0.0277220,0.0277320,0.0275800,0.0275850,460922,1721268359999,12749.8568740,160,256090,7086.0769000,0
1721268360000,0.0275880,0.0276940,0.0275700,0.0275970,246173,1721268539999,6805.5274520,107,123622,3419.4212870,0
1721268540000,0.0276020,0.0276020,0.0274560,0.0274570,1108124,1721268719999,30469.2021960,130,112620,3100.1777350,0
1721268720000,0.0274510,0.0274510,0.0272330,0.0272480,1887519,1721268899999,51536.8011990,245,422568,11539.3663680,0
1721268900000,0.0272480,0.0273200,0.0271220,0.0271220,1293566,1721269079999,35178.2853420,239,699777,19026.5136000,0
1721269080000,0.0271230,0.0271840,0.0270560,0.0271370,484764,1721269259999,13145.1903370,143,209531,5686.9474340,0
1721269260000,0.0271380,0.0271760,0.0270240,0.0270980,1327495,1721269439999,35935.0922090,207,616896,16693.6135660,0
1721269440000,0.0270880,0.0273170,0.0270880,0.0273030,493929,1721269619999,13433.1418700,116,322762,8780.5875990,0
1721269620000,0.0272950,0.0273500,0.0272370,0.0273170,363852,1721269799999,9934.1814190,134,204300,5576.9287470,0
1721269800000,0.0273140,0.0273280,0.0272460,0.0273230,498658,1721269979999,13616.5244910,119,332099,9069.7689470,0
1721269980000,0.0273140,0.0275090,0.0273140,0.0274840,750340,1721270159999,20590.2894220,214,410164,11251.4226310,0
1721270160000,0.0274710,0.0274800,0.0273300,0.0274580,405329,1721270339999,11106.6326280,157,184395,5050.5110810,0
1721270340000,0.0274630,0.0274860,0.0273990,0.0274450,434704,1721270519999,11931.4332490,120,284374,7804.7911880,0
1721270520000,0.0274380,0.0274620,0.0274080,0.0274150,166501,1721270699999,4569.1930880,62,130394,3578.7247810,0
1721270700000,0.0274080,0.0274390,0.0273450,0.0274230,270814,1721270879999,7420.2769570,112,165697,4539.0646110,0
1721270880000,0.0274290,0.0275200,0.0273430,0.0273510,433560,1721271059999,11897.8002780,138,196469,5388.6031300,0
1721271060000,0.0273470,0.0274000,0.0273470,0.0273850,209674,1721271239999,5739.8790720,83,135191,3699.6046660,0
1721271240000,0.0274140,0.0274370,0.0273570,0.0273720,194200,1721271419999,5322.7186100,76,63561,1742.6511430,0
1721271420000,0.0273750,0.0274630,0.0273750,0.0274420,64794,1721271599999,1777.7286920,53,46334,1271.3693750,0
1721271600000,0.0274350,0.0275290,0.0274320,0.0274580,373944,1721271779999,10278.8074660,107,196772,5409.3764450,0
1721271780000,0.0274650,0.0275390,0.0274230,0.0275390,642393,1721271959999,17640.4299310,124,238208,6541.4716460,0
1721271960000,0.0275390,0.0276940,0.0275250,0.0276430,844762,1721272139999,23365.7225650,170,431548,11940.2597150,0
1721272140000,0.0276410,0.0276780,0.0275830,0.0275830,326950,1721272319999,9034.3966850,114,224832,6212.0071190,0
1721272320000,0.0275810,0.0276030,0.0275730,0.0275860,173939,1721272499999,4798.4111360,73,80422,2218.8807300,0
1721272500000,0.0275790,0.0277350,0.0275270,0.0277300,444900,1721272679999,12276.6377460,117,283103,7816.4207690,0
1721272680000,0.0277340,0.0277470,0.0276460,0.0276660,565583,1721272859999,15668.5957690,142,257537,7134.2038350,0
1721272860000,0.0276700,0.0276920,0.0276000,0.0276650,314015,1721273039999,8680.4343960,93,207866,5745.2191270,0
1721273040000,0.0276650,0.0277100,0.0276500,0.0277000,1064943,1721273219999,29473.3066890,154,556221,15398.0598600,0
1721273220000,0.0276910,0.0277330,0.0276380,0.0276380,427771,1721273399999,11841.1551820,80,44076,1220.4125310,0
1721273400000,0.0276430,0.0276910,0.0276040,0.0276180,678989,1721273579999,18778.2827660,107,196302,5429.1535220,0
1721273580000,0.0276190,0.0276230,0.0275000,0.0275290,311316,1721273759999,8574.4548050,99,135626,3735.7173670,0
1721273760000,0.0275170,0.0275580,0.0274980,0.0275010,392484,1721273939999,10803.2317810,94,177380,4883.8485620,0
1721273940000,0.0274940,0.0275330,0.0274610,0.0275090,506441,1721274119999,13932.5498060,102,231329,6365.1108790,0
1721274120000,0.0275200,0.0275480,0.0274880,0.0275360,894215,1721274299999,24614.2468960,102,317319,8737.2694570,0
1721274300000,0.0275370,0.0275380,0.0274640,0.0274790,331232,1721274479999,9107.8866700,88,176622,4856.4892510,0
1721274480000,0.0274780,0.0275250,0.0274510,0.0274600,276874,1721274659999,7607.9315650,71,113628,3121.6915680,0
1721274660000,0.0274630,0.0274710,0.0273660,0.0273660,924103,1721274839999,25342.1741280,173,211892,5807.0793280,0
1721274840000,0.0273590,0.0273810,0.0273240,0.0273350,65878,1721275019999,1802.2799750,27,10364,283.5416730,0
1721275020000,0.0273240,0.0273540,0.0272770,0.0273040,1169928,1721275199999,31949.7757800,162,544698,14872.4776540,0
1721275200000,0.0273130,0.0273370,0.0271800,0.0272360,1911887,1721275379999,52065.7537580,211,392278,10686.5538730,0
1721275380000,0.0272430,0.0272790,0.0272230,0.0272580,471132,1721275559999,12835.9953690,122,253965,6919.7619160,0
1721275560000,0.0272630,0.0272650,0.0272060,0.0272470,226103,1721275739999,6159.3058210,69,121543,3310.9791470,0
1721275740000,0.0272530,0.0273090,0.0272500,0.0272540,297736,1721275919999,8118.9884110,82,121605,3315.5727580,0
1721275920000,0.0272510,0.0272590,0.0271660,0.0271660,695740,1721276099999,18921.2748870,98,557539,15162.2354830,0
1721276100000,0.0271650,0.0271840,0.0271290,0.0271500,398609,1721276279999,10828.4685650,91,277494,7538.5469390,0
1721276280000,0.0271390,0.0271390,0.0269670,0.0269820,1361159,1721276459999,36791.4859860,261,481097,12996.4308520,0
1721276460000,0.0269920,0.0270140,0.0269780,0.0269870,394717,1721276639999,10656.0914640,99,171042,4617.9072900,0
1721276640000,0.0269730,0.0269840,0.0269400,0.0269530,388182,1721276819999,10468.1562820,129,184362,4972.0335870,0
1721276820000,0.0269490,0.0269570,0.0269120,0.0269240,115501,1721276999999,3110.0531890,73,90455,2435.7617450,0
1721277000000,0.0269120,0.0269430,0.0268290,0.0269430,1250504,1721277179999,33629.5189130,254,716856,19285.5805710,0
1721277180000,0.0269380,0.0269910,0.0269230,0.0269840,372198,1721277359999,10036.5675150,122,227552,6138.0069290,0
1721277360000,0.0269840,0.0270130,0.0269710,0.0269970,398182,1721277539999,10745.3957500,97,216896,5853.9489330,0
1721277540000,0.0269990,0.0270660,0.0269860,0.0270550,676358,1721277719999,18273.9186340,100,563376,15219.8122240,0
1721277720000,0.0270440,0.0270440,0.0269850,0.0269920,176295,1721277899999,4760.3653520,66,44077,1189.9757500,0
1721277900000,0.0269990,0.0270500,0.0269510,0.0269560,361812,1721278079999,9772.9417110,102,182032,4917.6491870,0
1721278080000,0.0269520,0.0269610,0.0268910,0.0269480,546491,1721278259999,14718.6815170,153,304036,8186.4796000,0
1721278260000,0.0269510,0.0269630,0.0268800,0.0268840,338553,1721278439999,9115.4931960,103,74150,1996.3885160,0
1721278440000,0.0268950,0.0269010,0.0268280,0.0268900,399238,1721278619999,10724.7076260,108,320151,8599.2863150,0
1721278620000,0.0268890,0.0268950,0.0268360,0.0268870,331114,1721278799999,8898.1372070,107,149408,4015.5519820,0
1721278800000,0.0268930,0.0269010,0.0268490,0.0268800,636348,1721278979999,17106.2667170,139,253947,6827.5579360,0
1721278980000,0.0268740,0.0268750,0.0267530,0.0268030,927839,1721279159999,24871.7356150,118,714915,19163.1954710,0
1721279160000,0.0268170,0.0268350,0.0267980,0.0268050,268907,1721279339999,7211.6888310,93,99823,2676.5971880,0
1721279340000,0.0268080,0.0268250,0.0266720,0.0266930,1093811,1721279519999,29241.2291890,169,317660,8502.3357060,0
1721279520000,0.0266880,0.0266980,0.0266310,0.0266310,623864,1721279699999,16637.1475310,138,350943,9359.9788590,0
1721279700000,0.0266380,0.0266420,0.0265240,0.0265460,501183,1721279879999,13320.1092550,199,182345,4844.8626640,0
1721279880000,0.0265540,0.0267170,0.0265540,0.0267160,462707,1721280059999,12317.4666970,127,339051,9027.3668520,0
1721280060000,0.0267130,0.0267230,0.0265880,0.0266140,516145,1721280239999,13753.2442240,134,211767,5639.8730680,0
1721280240000,0.0266290,0.0267400,0.0266160,0.0266990,410401,1721280419999,10945.7559410,121,179526,4788.8242700,0
1721280420000,0.0266990,0.0267790,0.0266990,0.0267770,194985,1721280599999,5216.4410000,71,147440,3944.7071340,0
1721280600000,0.0267710,0.0268920,0.0267710,0.0268600,298495,1721280779999,8005.5351040,105,193940,5202.7551450,0
1721280780000,0.0268600,0.0269900,0.0268500,0.0269110,444029,1721280959999,11960.0350940,194,267419,7202.3408540,0
1721280960000,0.0269180,0.0269590,0.0268750,0.0269460,606048,1721281139999,16314.6620960,158,345955,9315.8495820,0
1721281140000,0.0269510,0.0269530,0.0268980,0.0269450,153721,1721281319999,4140.9420750,72,81749,2202.1262050,0
1721281320000,0.0269470,0.0269530,0.0269000,0.0269330,87623,1721281499999,2358.8691730,61,16687,449.3575730,0
1721281500000,0.0269330,0.0270960,0.0269330,0.0270490,925405,1721281679999,25038.8847390,172,337935,9133.4444540,0
1721281680000,0.0270590,0.0271880,0.0270560,0.0271800,1170851,1721281859999,31744.4482570,260,760976,20633.3211630,0
1721281860000,0.0271830,0.0272100,0.0271420,0.0271630,307200,1721282039999,8349.1116710,151,81224,2207.4086670,0
1721282040000,0.0271590,0.0271680,0.0270940,0.0271010,189466,1721282219999,5138.7610300,71,97763,2651.3124860,0
1721282220000,0.0271130,0.0271290,0.0270640,0.0270930,245766,1721282399999,6655.3639980,98,31347,849.6767180,0
1721282400000,0.0270980,0.0271520,0.0270280,0.0270290,464025,1721282579999,12564.6141990,180,333875,9039.1669170,0
1721282580000,0.0270300,0.0271650,0.0270130,0.0270700,411342,1721282759999,11146.5410920,141,210137,5697.0882060,0
1721282760000,0.0270600,0.0271760,0.0270460,0.0271490,319958,1721282939999,8672.9825040,109,232454,6299.3923200,0
1721282940000,0.0271780,0.0271950,0.0271680,0.0271940,178805,1721283119999,4860.7587530,91,71368,1940.4229250,0
1721283120000,0.0271870,0.0271960,0.0270990,0.0271040,487194,1721283299999,13234.5805670,126,130978,3559.4512570,0
1721283300000,0.0271060,0.0271650,0.0270400,0.0271320,1327269,1721283479999,35991.5797400,221,951912,25830.3039310,0
1721283480000,0.0271450,0.0271780,0.0270790,0.0271300,1109329,1721283659999,30071.2265710,161,502458,13625.1445350,0
1721283660000,0.0271320,0.0271490,0.0270850,0.0271420,863286,1721283839999,23409.7352570,156,471382,12780.2051440,0
1721283840000,0.0271450,0.0271670,0.0271260,0.0271340,242156,1721284019999,6574.2325280,90,155808,4229.4747690,0
1721284020000,0.0271400,0.0271570,0.0270970,0.0270970,141623,1721284199999,3842.0451460,72,74514,2021.7338780,0
1721284200000,0.0271050,0.0272600,0.0270970,0.0272490,2352420,1721284379999,63878.1161440,323,1881538,51086.6838800,0
1721284380000,0.0272540,0.0272880,0.0271890,0.0271890,569171,1721284559999,15506.1757740,166,170434,4645.4408230,0
1721284560000,0.0271800,0.0272120,0.0271500,0.0271830,508628,1721284739999,13826.2676270,146,290884,7907.8437060,0
1721284740000,0.0271790,0.0272340,0.0271400,0.0272340,239530,1721284919999,6509.2897940,114,116015,3152.5253860,0
1721284920000,0.0272430,0.0273110,0.0272120,0.0273010,319387,1721285099999,8704.7383880,145,177576,4840.9174540,0
1721285100000,0.0273090,0.0273420,0.0272540,0.0272550,1016526,1721285279999,27745.6210290,181,495485,13529.7750530,0
1721285280000,0.0272580,0.0273450,0.0272580,0.0273450,339190,1721285459999,9261.6881780,83,200739,5479.2156060,0
1721285460000,0.0273470,0.0274080,0.0273410,0.0273480,345644,1721285639999,9464.8649980,113,179454,4914.0853570,0
1721285640000,0.0273430,0.0273900,0.0272970,0.0273390,619827,1721285819999,16954.3170980,126,459576,12572.4891440,0
1721285820000,0.0273490,0.0274110,0.0273140,0.0273280,538072,1721285999999,14726.6011430,147,244269,6681.1190520,0
1721286000000,0.0273360,0.0274190,0.0272850,0.0273080,984801,1721286179999,26912.0518140,222,192006,5252.5691450,0
1721286180000,0.0273060,0.0273940,0.0272540,0.0272540,449134,1721286359999,12284.7316380,139,329568,9016.1415260,0
1721286360000,0.0272450,0.0272450,0.0271310,0.0272080,581113,1721286539999,15798.2732830,161,160900,4377.5149430,0
1721286540000,0.0272110,0.0272300,0.0271660,0.0272140,223762,1721286719999,6086.3301170,129,135391,3683.4755530,0
1721286720000,0.0272190,0.0272360,0.0271600,0.0272020,480220,1721286899999,13051.3392150,92,31498,856.7492360,0
1721286900000,0.0272170,0.0272800,0.0271910,0.0272240,221328,1721287079999,6024.4644170,97,94489,2572.7591130,0
1721287080000,0.0272170,0.0272170,0.0271650,0.0271730,212534,1721287259999,5780.7252320,78,64938,1765.7325210,0
1721287260000,0.0271820,0.0271970,0.0271320,0.0271750,1709016,1721287439999,46432.9286800,231,869285,23622.7678760,0
1721287440000,0.0271690,0.0273110,0.0271650,0.0271890,494688,1721287619999,13492.8627100,94,290270,7919.1760730,0
1721287620000,0.0271730,0.0271950,0.0270260,0.0271030,525260,1721287799999,14246.2872620,155,249518,6773.6193590,0
1721287800000,0.0271170,0.0271360,0.0270190,0.0270500,376981,1721287979999,10200.7456800,163,105360,2852.8040270,0
1721287980000,0.0270640,0.0272580,0.0270470,0.0272540,774213,1721288159999,21047.6762610,198,454920,12355.1421340,0
1721288160000,0.0272600,0.0272850,0.0271580,0.0271920,501025,1721288339999,13640.4208620,138,168397,4583.7395020,0
1721288340000,0.0271830,0.0272120,0.0271040,0.0272080,1480352,1721288519999,40219.0759160,117,1326899,36051.4597260,0
1721288520000,0.0272050,0.0272160,0.0271070,0.0271070,527996,1721288699999,14354.3573370,107,111558,3033.2720910,0
1721288700000,0.0271210,0.0271270,0.0270240,0.0270540,998972,1721288879999,27022.9709760,156,380450,10293.0370140,0
1721288880000,0.0270590,0.0270630,0.0268660,0.0268920,835792,1721289059999,22512.5191960,205,258640,6963.8196370,0
1721289060000,0.0269020,0.0269120,0.0267740,0.0268350,732087,1721289239999,19655.0911840,203,188861,5070.6397880,0
1721289240000,0.0268470,0.0268990,0.0268240,0.0268670,433833,1721289419999,11657.6355070,98,213485,5736.4655270,0
1721289420000,0.0268730,0.0268800,0.0268090,0.0268330,109032,1721289599999,2926.5900240,78,61138,1641.4077010,0
1721289600000,0.0268330,0.0268830,0.0267770,0.0268090,286812,1721289779999,7692.2779600,114,162179,4351.0221300,0
1721289780000,0.0268170,0.0268860,0.0267820,0.0268750,667437,1721289959999,17902.6887130,106,314194,8432.3514970,0
1721289960000,0.0268590,0.0269880,0.0268470,0.0269510,409331,1721290139999,11026.2534760,107,239272,6447.2173890,0
1721290140000,0.0269450,0.0270500,0.0269190,0.0270500,196831,1721290319999,5309.2084560,76,190034,5125.8329140,0
1721290320000,0.0270490,0.0270860,0.0270170,0.0270810,147429,1721290499999,3989.2819960,68,87389,2364.6317280,0
1721290500000,0.0270710,0.0270960,0.0269440,0.0269440,629102,1721290679999,16995.8964760,101,137192,3712.1839630,0
1721290680000,0.0269440,0.0269890,0.0269060,0.0269130,284867,1721290859999,7677.3344160,112,147183,3967.2908790,0
1721290860000,0.0269000,0.0269130,0.0267340,0.0267550,766002,1721291039999,20539.6111290,156,336368,9013.1805450,0
1721291040000,0.0267500,0.0268180,0.0267090,0.0268090,1655565,1721291219999,44277.8479390,200,867046,23186.6327890,0
1721291220000,0.0268020,0.0268510,0.0267550,0.0268350,444920,1721291399999,11925.4591900,100,204918,5491.6551080,0
1721291400000,0.0268420,0.0269480,0.0267950,0.0268700,438578,1721291579999,11787.6636980,183,184288,4956.0956220,0
1721291580000,0.0268340,0.0268590,0.0267140,0.0267140,287630,1721291759999,7704.2477660,108,99656,2668.5368000,0
1721291760000,0.0267140,0.0267610,0.0266950,0.0267460,415681,1721291939999,11107.2128410,100,278171,7432.8860440,0
1721291940000,0.0267480,0.0269740,0.0267320,0.0269440,2873334,1721292119999,77045.3359140,299,1950920,52312.1611030,0
1721292120000,0.0269200,0.0269300,0.0268420,0.0268690,298296,1721292299999,8022.1341770,129,161456,4341.6893720,0
1721292300000,0.0268720,0.0269710,0.0267780,0.0269320,3259493,1721292479999,87503.6507730,277,1505274,40435.0584650,0
1721292480000,0.0269360,0.0270710,0.0269360,0.0270490,608406,1721292659999,16434.4593910,149,464359,12544.7322390,0
1721292660000,0.0270480,0.0271020,0.0269680,0.0270450,356028,1721292839999,9620.0850690,144,191875,5186.1378800,0
1721292840000,0.0270590,0.0272770,0.0270590,0.0272770,798142,1721293019999,21706.2982840,286,330050,8969.4822080,0
1721293020000,0.0272790,0.0273730,0.0272570,0.0272930,1320952,1721293199999,36062.2296530,309,438954,11985.3293160,0
1721293200000,0.0272560,0.0272900,0.0271380,0.0271630,855796,1721293379999,23241.5111280,155,62142,1691.9947520,0
1721293380000,0.0271490,0.0272370,0.0271160,0.0271410,861231,1721293559999,23435.6741460,159,712871,19403.9012470,0
1721293560000,0.0271340,0.0272920,0.0271280,0.0271950,201066,1721293739999,5474.8837110,121,78909,2147.7168290,0
1721293740000,0.0271990,0.0273000,0.0271510,0.0272540,360623,1721293919999,9820.5974620,173,188225,5126.7984770,0
1721293920000,0.0272580,0.0272880,0.0272240,0.0272300,623210,1721294099999,16974.8341770,139,116639,3178.9226540,0
1721294100000,0.0272300,0.0273900,0.0271400,0.0273560,922015,1721294279999,25139.5101640,229,473437,12923.8849510,0
1721294280000,0.0273470,0.0274940,0.0273090,0.0274610,861355,1721294459999,23623.8194420,261,564936,15502.9920300,0
1721294460000,0.0274770,0.0275440,0.0274620,0.0275330,1018671,1721294639999,28015.2261230,277,588491,16186.1008560,0
1721294640000,0.0275350,0.0275650,0.0273510,0.0274550,1275902,1721294819999,34989.8024690,295,350524,9625.6869560,0
1721294820000,0.0274590,0.0274810,0.0273730,0.0273730,593022,1721294999999,16255.2970470,270,174404,4782.0885040,0
1721295000000,0.0273570,0.0274000,0.0272490,0.0272700,277710,1721295179999,7593.0477180,196,105984,2898.3582110,0
1721295180000,0.0272790,0.0272840,0.0271650,0.0272330,951295,1721295359999,25888.4794180,222,445151,12115.8551800,0
1721295360000,0.0272280,0.0272430,0.0270340,0.0271260,1683809,1721295539999,45630.3242380,253,435937,11827.5390690,0
1721295540000,0.0271290,0.0271670,0.0270030,0.0270030,1619485,1721295719999,43874.6712560,170,367345,9946.2260230,0
1721295720000,0.0270050,0.0270530,0.0269450,0.0270290,957285,1721295899999,25841.0944650,174,448162,12105.1816400,0
1721295900000,0.0270290,0.0271110,0.0269660,0.0270680,2685178,1721296079999,72614.2578790,250,1989303,53788.6831680,0
1721296080000,0.0270770,0.0271120,0.0270180,0.0270460,372604,1721296259999,10087.5186120,85,186294,5042.8647270,0
1721296260000,0.0270540,0.0270540,0.0269520,0.0269900,713729,1721296439999,19267.0763960,141,585812,15815.1798230,0
1721296440000,0.0269760,0.0270000,0.0268720,0.0269400,1902348,1721296619999,51210.4412170,195,286253,7710.4827260,0
1721296620000,0.0269370,0.0270000,0.0269050,0.0269880,678903,1721296799999,18313.7617500,98,568768,15347.1261670,0
1721296800000,0.0269740,0.0270030,0.0268560,0.0268920,531246,1721296979999,14311.7707170,182,253797,6836.6687640,0
1721296980000,0.0268560,0.0269350,0.0268350,0.0268840,183221,1721297159999,4927.8128110,78,132331,3559.7083430,0
1721297160000,0.0268860,0.0270650,0.0268860,0.0270130,1102222,1721297339999,29779.6488580,184,763646,20633.7562600,0
1721297340000,0.0269940,0.0271070,0.0269430,0.0271070,380268,1721297519999,10262.8094910,124,243800,6581.7155900,0
1721297520000,0.0271040,0.0271590,0.0269940,0.0269940,205621,1721297699999,5570.0888150,87,66835,1811.4973930,0
1721297700000,0.0269880,0.0270510,0.0269190,0.0270510,1119641,1721297879999,30229.4602490,182,159106,4294.7655140,0
1721297880000,0.0270470,0.0270570,0.0269350,0.0269770,567225,1721298059999,15316.2486330,127,187752,5070.5690490,0
1721298060000,0.0269800,0.0270150,0.0269060,0.0269060,331900,1721298239999,8956.2994570,120,256524,6923.7414360,0
1721298240000,0.0269120,0.0269430,0.0268110,0.0268470,935334,1721298419999,25106.9501940,193,500912,13448.6462530,0
1721298420000,0.0268500,0.0268570,0.0267670,0.0267670,947855,1721298599999,25422.4383790,155,136636,3663.6031280,0
1721298600000,0.0267640,0.0268150,0.0267400,0.0268040,829223,1721298779999,22199.1301060,158,365178,9782.2580380,0
1721298780000,0.0268030,0.0269050,0.0267880,0.0269040,600210,1721298959999,16120.8534530,93,353390,9491.5919970,0
1721298960000,0.0268990,0.0271230,0.0268980,0.0271110,1027155,1721299139999,27760.4012640,222,574070,15498.1209210,0
1721299140000,0.0270820,0.0271770,0.0270280,0.0271630,932703,1721299319999,25262.5938490,185,541230,14666.3378990,0
1721299320000,0.0271570,0.0271760,0.0270390,0.0271060,1416796,1721299499999,38427.2705590,189,863576,23431.7734460,0
1721299500000,0.0271000,0.0271910,0.0270740,0.0270740,1627439,1721299679999,44166.7517560,271,762618,20699.5987360,0
1721299680000,0.0270720,0.0271030,0.0270200,0.0270320,1749152,1721299859999,47308.4663190,152,493936,13361.3455150,0
1721299860000,0.0270370,0.0271680,0.0270190,0.0271520,737544,1721300039999,20001.7485170,107,637023,17275.3906640,0
1721300040000,0.0271570,0.0273100,0.0271570,0.0273000,1183110,1721300219999,32208.6485440,197,838736,22822.2085530,0
1721300220000,0.0272960,0.0273310,0.0272720,0.0273250,588966,1721300399999,16082.7140460,130,350425,9571.8014960,0
1721300400000,0.0273170,0.0273910,0.0272470,0.0272500,797105,1721300579999,21790.8450900,177,281744,7704.8069650,0
1721300580000,0.0272560,0.0272900,0.0271130,0.0271270,1182815,1721300759999,32102.5716450,150,363532,9868.7709160,0
1721300760000,0.0271120,0.0271610,0.0270220,0.0271140,583984,1721300939999,15818.4944890,126,247307,6698.9335940,0
1721300940000,0.0271080,0.0271240,0.0270290,0.0270550,907175,1721301119999,24538.4377440,128,200379,5420.3340000,0
1721301120000,0.0270420,0.0271200,0.0270380,0.0270720,839532,1721301299999,22721.7863190,125,216286,5857.8570420,0
1721301300000,0.0270590,0.0270780,0.0269550,0.0270290,2113360,1721301479999,57073.9302810,210,1663888,44930.2405620,0
1721301480000,0.0270210,0.0270870,0.0269750,0.0270810,834376,1721301659999,22559.3556620,114,339185,9165.2261550,0
1721301660000,0.0270710,0.0270780,0.0270040,0.0270440,153810,1721301839999,4159.7868790,58,57948,1567.0181380,0
1721301840000,0.0270460,0.0271210,0.0270350,0.0271110,825733,1721302019999,22368.5778840,130,600128,16259.0250620,0
1721302020000,0.0271070,0.0271650,0.0270290,0.0270440,1231702,1721302199999,33389.0754390,159,398330,10781.6345530,0
1721302200000,0.0270410,0.0271750,0.0270200,0.0271450,1258377,1721302379999,34082.0715580,186,1084160,29358.7079210,0
1721302380000,0.0271440,0.0271900,0.0270920,0.0271900,319120,1721302559999,8661.2905050,78,146538,3980.7079370,0
1721302560000,0.0271840,0.0273180,0.0271690,0.0273140,622118,1721302739999,16949.5435860,141,270351,7368.0933610,0
1721302740000,0.0273200,0.0274440,0.0272540,0.0272830,3294881,1721302919999,90073.5582700,354,2004409,54789.8121730,0
1721302920000,0.0272850,0.0273450,0.0272430,0.0272540,1302864,1721303099999,35517.0861360,138,283710,7737.1154630,0
1721303100000,0.0272540,0.0273200,0.0272070,0.0273200,980628,1721303279999,26732.2123870,166,326340,8894.3075480,0
1721303280000,0.0273420,0.0274660,0.0273420,0.0273940,2046835,1721303459999,56076.1282930,218,713474,19551.8093690,0
1721303460000,0.0273920,0.0274190,0.0273100,0.0273440,594654,1721303639999,16283.0853500,118,205093,5614.4125840,0
1721303640000,0.0273670,0.0274440,0.0273670,0.0274160,734688,1721303819999,20144.2045050,91,343231,9412.6386870,0
1721303820000,0.0274120,0.0275430,0.0273980,0.0274540,947162,1721303999999,26022.4038890,177,657314,18062.3498370,0
1721304000000,0.0274450,0.0274820,0.0273940,0.0274790,546442,1721304179999,14989.9891610,150,384495,10547.1354690,0
1721304180000,0.0274790,0.0275940,0.0274790,0.0275630,1186038,1721304359999,32667.5108690,212,641560,17668.5578010,0
1721304360000,0.0275530,0.0275980,0.0275350,0.0275840,410516,1721304539999,11318.4496290,162,292100,8055.0727310,0
1721304540000,0.0275830,0.0276240,0.0275440,0.0275740,940126,1721304719999,25928.5176850,188,399568,11021.6175660,0
1721304720000,0.0275620,0.0276560,0.0274940,0.0276130,1394167,1721304899999,38468.5252540,172,1088285,30034.8658540,0
1721304900000,0.0276260,0.0276370,0.0274230,0.0274730,614462,1721305079999,16915.7682180,206,242143,6663.6393670,0
1721305080000,0.0274690,0.0274710,0.0273500,0.0274520,1432812,1721305259999,39294.3386660,218,357264,9795.0146330,0
1721305260000,0.0274270,0.0274690,0.0273490,0.0274180,727280,1721305439999,19910.0271920,132,264308,7239.5026040,0
1721305440000,0.0274210,0.0274580,0.0273440,0.0273620,869289,1721305619999,23814.7725270,130,392853,10759.3874450,0
1721305620000,0.0273670,0.0273710,0.0272260,0.0272420,1010693,1721305799999,27589.6720140,172,347349,9482.6354840,0
1721305800000,0.0272470,0.0274320,0.0272270,0.0274320,870733,1721305979999,23795.3356440,187,583621,15950.7674480,0
1721305980000,0.0274230,0.0275530,0.0274150,0.0275530,512762,1721306159999,14098.9830700,178,276819,7614.1193830,0
1721306160000,0.0275500,0.0276740,0.0275500,0.0275890,2073430,1721306339999,57215.3921840,257,1445348,39873.1502270,0
1721306340000,0.0275780,0.0276620,0.0275350,0.0276620,445300,1721306519999,12289.6164550,153,254180,7015.2448750,0
1721306520000,0.0276570,0.0276710,0.0275670,0.0276010,879607,1721306699999,24288.9571000,202,398999,11017.1207120,0
1721306700000,0.0275990,0.0277640,0.0275770,0.0277320,2655283,1721306879999,73580.7458360,313,291369,8065.7614670,0
1721306880000,0.0277280,0.0278200,0.0277060,0.0277990,1868894,1721307059999,51913.9771860,265,952021,26449.1989530,0
1721307060000,0.0277910,0.0279480,0.0277740,0.0278590,2050732,1721307239999,57186.5805460,420,1279072,35656.0996120,0
1721307240000,0.0278740,0.0278850,0.0278150,0.0278210,278573,1721307419999,7760.0137010,143,133449,3718.5327500,0
1721307420000,0.0278250,0.0279270,0.0277340,0.0278960,939915,1721307599999,26158.5511940,223,455513,12692.2684370,0
1721307600000,0.0278920,0.0280000,0.0278380,0.0279370,633829,1721307779999,17695.7270420,248,361801,10105.8947630,0
1721307780000,0.0279250,0.0279620,0.0278120,0.0279130,946177,1721307959999,26391.8168830,242,453757,12660.4356980,0
1721307960000,0.0279130,0.0279760,0.0278730,0.0279370,504966,1721308139999,14105.1090280,188,293072,8187.5739530,0
1721308140000,0.0279470,0.0280590,0.0279310,0.0280520,891636,1721308319999,24966.0236100,224,704588,19729.0176090,0
1721308320000,0.0280630,0.0281800,0.0279410,0.0279640,1474942,1721308499999,41435.7164620,341,882177,24811.8125340,0
1721308500000,0.0279730,0.0280150,0.0279290,0.0279810,572484,1721308679999,16013.2768140,201,356476,9970.9501260,0
1721308680000,0.0279590,0.0279710,0.0278260,0.0279250,680034,1721308859999,18953.7833340,185,313766,8747.0680180,0
1721308860000,0.0279160,0.0279240,0.0278470,0.0278900,176715,1721309039999,4925.8875160,82,98733,2752.9416150,0
1721309040000,0.0279020,0.0279830,0.0278690,0.0278720,1588713,1721309219999,44319.7287890,362,809983,22594.9092030,0
1721309220000,0.0278760,0.0279700,0.0278590,0.0279700,900532,1721309399999,25125.9454270,212,425371,11875.3482160,0
1721309400000,0.0279740,0.0281540,0.0278560,0.0278660,2492291,1721309579999,69733.7124900,383,1734171,48476.9445740,0
1721309580000,0.0278710,0.0278840,0.0276120,0.0276950,1617503,1721309759999,44869.9903490,365,702903,19493.4946200,0
1721309760000,0.0276930,0.0277530,0.0276210,0.0277160,1942732,1721309939999,53775.4193830,263,1514745,41932.9283310,0
1721309940000,0.0277180,0.0278510,0.0276860,0.0277820,927242,1721310119999,25758.6821820,202,483312,13419.6468620,0
1721310120000,0.0277900,0.0277900,0.0276030,0.0276120,1409449,1721310299999,38977.2107220,227,327368,9049.7809020,0
1721310300000,0.0276370,0.0277140,0.0275880,0.0276200,522588,1721310479999,14444.5895240,137,240257,6641.9108960,0
1721310480000,0.0276230,0.0276400,0.0275220,0.0276360,1741918,1721310659999,48046.5973460,229,878196,24238.3119560,0
1721310660000,0.0276480,0.0276550,0.0275160,0.0275160,778153,1721310839999,21445.1992970,144,221153,6094.6736680,0
1721310840000,0.0275210,0.0275410,0.0274690,0.0275380,534182,1721311019999,14694.6738580,166,114444,3149.1524580,0
1721311020000,0.0275310,0.0276300,0.0275110,0.0276010,430200,1721311199999,11865.9384000,95,289441,7986.0572540,0
1721311200000,0.0275910,0.0276160,0.0273930,0.0274140,605030,1721311379999,16653.3887060,148,155247,4271.7174210,0
1721311380000,0.0274120,0.0275860,0.0273690,0.0275310,1028994,1721311559999,28270.3563390,259,629637,17295.2694910,0
1721311560000,0.0275250,0.0275270,0.0273730,0.0274570,934019,1721311739999,25622.1620230,197,695620,19074.6778020,0
1721311740000,0.0274500,0.0275170,0.0273740,0.0274440,511825,1721311919999,14044.6996080,177,227627,6246.3534200,0
1721311920000,0.0274290,0.0274590,0.0273180,0.0273310,532868,1721312099999,14585.5550550,150,282115,7718.3923220,0
1721312100000,0.0273380,0.0275120,0.0273380,0.0274300,1350745,1721312279999,37038.9563980,216,990651,27155.9656010,0
1721312280000,0.0274160,0.0274280,0.0272070,0.0272170,3568449,1721312459999,97389.6591480,487,796526,21727.9377240,0
1721312460000,0.0272240,0.0272620,0.0271960,0.0272100,1718542,1721312639999,46788.2972500,404,816468,22235.1193900,0
1721312640000,0.0272210,0.0273290,0.0272120,0.0273260,2630736,1721312819999,71748.4698260,291,1089863,29751.0007960,0
1721312820000,0.0273220,0.0273250,0.0271220,0.0272710,2993235,1721312999999,81346.0448610,256,721775,19628.5440100,0
1721313000000,0.0272560,0.0272990,0.0271810,0.0272280,498305,1721313179999,13570.9700230,114,417353,11367.5419810,0
1721313180000,0.0272290,0.0272840,0.0270510,0.0270510,1435539,1721313359999,38970.8636650,261,721139,19580.4985340,0
1721313360000,0.0270560,0.0270880,0.0269000,0.0269460,2547855,1721313539999,68740.7427260,422,1200821,32416.4178230,0
1721313540000,0.0269410,0.0269850,0.0268330,0.0268330,1938466,1721313719999,52156.3810770,335,1081453,29090.5072290,0
1721313720000,0.0268330,0.0268370,0.0267760,0.0267890,1555756,1721313899999,41713.2199350,317,662211,17758.2136520,0
1721313900000,0.0267880,0.0268180,0.0266010,0.0266040,3800337,1721314079999,101626.8105850,560,852958,22789.1483990,0
1721314080000,0.0266150,0.0267820,0.0265760,0.0267260,1194213,1721314259999,31837.2465560,367,695199,18538.6068140,0
1721314260000,0.0267490,0.0267800,0.0266130,0.0266840,674440,1721314439999,18003.2973150,227,307035,8193.9880940,0
1721314440000,0.0266850,0.0268830,0.0266850,0.0268220,1972310,1721314619999,52863.0606230,296,1155645,30964.4938750,0
1721314620000,0.0268230,0.0268410,0.0267180,0.0267820,309321,1721314799999,8284.8593920,138,168072,4499.6667310,0
1721314800000,0.0267600,0.0268230,0.0266080,0.0268010,2218332,1721314979999,59244.9778990,257,990614,26491.6020550,0
1721314980000,0.0267910,0.0267990,0.0266080,0.0266950,1234538,1721315159999,32938.5632830,225,731562,19507.8895900,0
1721315160000,0.0267150,0.0267200,0.0265640,0.0266430,537453,1721315339999,14319.9879060,192,267319,7120.6342980,0
1721315340000,0.0266540,0.0266540,0.0264410,0.0265300,3820747,1721315519999,101405.5833130,549,1809102,47990.1040850,0
1721315520000,0.0265320,0.0265890,0.0264050,0.0264400,1610591,1721315699999,42675.2013970,372,720405,19077.3412510,0
1721315700000,0.0264430,0.0265060,0.0262700,0.0264900,3226356,1721315879999,85149.4478920,468,1210795,31938.2405790,0
1721315880000,0.0264730,0.0265210,0.0262310,0.0262310,601089,1721316059999,15876.9789470,214,221624,5848.2692840,0
1721316060000,0.0262540,0.0263600,0.0261510,0.0262090,2436548,1721316239999,63860.8542490,400,1089703,28565.6078560,0
1721316240000,0.0262140,0.0263920,0.0261830,0.0262270,1805167,1721316419999,47513.6324240,333,1048400,27610.4362440,0
1721316420000,0.0262250,0.0264430,0.0262090,0.0264290,701490,1721316599999,18468.8869590,178,500266,13173.6687400,0
1721316600000,0.0264160,0.0265220,0.0263410,0.0264240,2065384,1721316779999,54615.2650090,393,1486107,39306.5278930,0
1721316780000,0.0264100,0.0264100,0.0261950,0.0263050,821588,1721316959999,21607.8301130,188,305313,8031.2110810,0
1721316960000,0.0263020,0.0264570,0.0263020,0.0264450,654684,1721317139999,17287.3320450,169,465986,12304.0048980,0
1721317140000,0.0264420,0.0264740,0.0262910,0.0263770,1274588,1721317319999,33668.2507260,210,832259,21974.6663800,0
1721317320000,0.0263730,0.0264410,0.0263400,0.0264000,301157,1721317499999,7945.0650520,122,142181,3751.4583880,0
1721317500000,0.0263800,0.0264290,0.0263690,0.0263800,573016,1721317679999,15126.6917390,151,365777,9656.1301920,0
1721317680000,0.0263660,0.0263770,0.0262200,0.0262590,611621,1721317859999,16081.4577120,137,187030,4918.3331810,0
1721317860000,0.0262560,0.0263580,0.0261760,0.0261770,1428121,1721318039999,37446.1937900,211,858063,22497.4179520,0
1721318040000,0.0261970,0.0262150,0.0261550,0.0261860,1174287,1721318219999,30748.1120670,198,571432,14965.4497400,0
1721318220000,0.0261690,0.0262090,0.0261540,0.0261630,534689,1721318399999,13993.7499710,112,276325,7231.6933650,0
1721318400000,0.0261700,0.0262140,0.0260230,0.0260360,13130594,1721318579999,343167.3096350,711,1300328,33952.4794020,0
1721318580000,0.0260440,0.0261340,0.0258940,0.0261340,4295276,1721318759999,111718.8835510,635,2687527,69909.3900030,0
1721318760000,0.0261330,0.0263110,0.0261330,0.0261910,1412680,1721318939999,37054.6602620,299,588909,15441.6346560,0
1721318940000,0.0261990,0.0263600,0.0261990,0.0263420,2264549,1721319119999,59583.3010200,323,1155702,30407.4692660,0
1721319120000,0.0263430,0.0263850,0.0262830,0.0263690,477187,1721319299999,12573.7108400,163,222954,5874.4021610,0
1721319300000,0.0263750,0.0263750,0.0262740,0.0263710,409131,1721319479999,10771.8418180,185,219912,5790.1387570,0
1721319480000,0.0263600,0.0264110,0.0262740,0.0263000,588379,1721319659999,15510.3589330,191,243775,6420.8412680,0
1721319660000,0.0262930,0.0263230,0.0262540,0.0263090,1101177,1721319839999,28958.1678620,193,598853,15746.0112840,0
1721319840000,0.0263170,0.0263260,0.0261330,0.0261580,740524,1721320019999,19407.8729740,158,302953,7937.0444310,0
1721320020000,0.0261680,0.0263600,0.0261680,0.0263600,1726195,1721320199999,45316.5191530,179,1198208,31455.6171760,0
1721320200000,0.0263570,0.0264900,0.0262920,0.0264710,877472,1721320379999,23128.0527510,164,388597,10249.5193160,0
1721320380000,0.0264650,0.0264820,0.0263620,0.0264120,681454,1721320559999,18019.3889400,145,276033,7303.0512590,0
1721320560000,0.0264100,0.0265280,0.0264080,0.0264660,953638,1721320739999,25252.5548460,129,711472,18838.5549480,0
1721320740000,0.0264600,0.0264940,0.0264360,0.0264600,397734,1721320919999,10528.8889940,95,176557,4673.5721660,0
1721320920000,0.0264640,0.0265340,0.0264300,0.0265120,579377,1721321099999,15347.7358130,132,311222,8243.6512970,0
1721321100000,0.0265090,0.0265150,0.0264350,0.0264590,574236,1721321279999,15205.1643300,132,292691,7750.2253510,0
1721321280000,0.0264460,0.0264840,0.0264090,0.0264090,196334,1721321459999,5191.3620190,94,100774,2664.6422270,0
1721321460000,0.0264160,0.0264390,0.0263850,0.0264020,243533,1721321639999,6432.7823390,87,111600,2948.6713410,0
1721321640000,0.0264090,0.0264250,0.0263350,0.0263600,1402825,1721321819999,37029.9273460,132,566403,14950.4910610,0
1721321820000,0.0263610,0.0264090,0.0263590,0.0264090,209680,1721321999999,5532.2208940,63,142651,3763.8991050,0
1721322000000,0.0264040,0.0264070,0.0263320,0.0264070,507528,1721322179999,13377.9336690,100,238647,6290.0398090,0
1721322180000,0.0264030,0.0264030,0.0263000,0.0263180,270341,1721322359999,7127.6455850,55,80741,2126.1753600,0
1721322360000,0.0263460,0.0263570,0.0262800,0.0262800,248756,1721322539999,6544.8580310,77,156021,4105.3956520,0
1721322540000,0.0262800,0.0263100,0.0262150,0.0262890,606358,1721322719999,15917.1527820,134,271406,7128.9406690,0
1721322720000,0.0262930,0.0263260,0.0262830,0.0263200,214373,1721322899999,5640.7514750,96,90867,2390.9519890,0
1721322900000,0.0263150,0.0264000,0.0262820,0.0263790,517706,1721323079999,13651.6324980,125,214041,5645.9127240,0
1721323080000,0.0263810,0.0263930,0.0263140,0.0263370,267073,1721323259999,7036.0417570,91,155220,4088.9138470,0
1721323260000,0.0263440,0.0264000,0.0263300,0.0263870,235406,1721323439999,6204.1603190,87,113166,2984.1952200,0
1721323440000,0.0263940,0.0263940,0.0263520,0.0263710,384670,1721323619999,10142.3955730,83,61657,1625.7457710,0
1721323620000,0.0263580,0.0263650,0.0263270,0.0263530,196390,1721323799999,5174.0627660,63,46695,1230.2600510,0
1721323800000,0.0263560,0.0264020,0.0263510,0.0263910,183376,1721323979999,4836.3313870,85,107991,2847.9663760,0
1721323980000,0.0263920,0.0263990,0.0263080,0.0263280,226139,1721324159999,5960.5517350,80,104333,2750.9831600,0
1721324160000,0.0263270,0.0263550,0.0262990,0.0262990,614707,1721324339999,16179.8835150,130,249910,6579.1417650,0
1721324340000,0.0263040,0.0263240,0.0262740,0.0262910,251270,1721324519999,6610.7869640,85,144204,3794.4332110,0
1721324520000,0.0263070,0.0263070,0.0262210,0.0262440,786927,1721324699999,20655.2045950,103,358591,9410.6400050,0
1721324700000,0.0262440,0.0262700,0.0262060,0.0262570,982480,1721324879999,25777.0509630,167,500783,13139.1014960,0
1721324880000,0.0262530,0.0262690,0.0262020,0.0262170,492855,1721325059999,12928.2617950,114,270293,7090.9500570,0
1721325060000,0.0262300,0.0262410,0.0261180,0.0262120,1414262,1721325239999,37014.1559940,233,690642,18081.9481510,0
1721325240000,0.0262140,0.0262250,0.0261540,0.0261660,766915,1721325419999,20085.2134550,102,217021,5681.2123530,0
1721325420000,0.0261620,0.0261700,0.0261010,0.0261060,1195742,1721325599999,31253.5865860,158,533235,13940.2273310,0
1721325600000,0.0261150,0.0261650,0.0260590,0.0260630,1361240,1721325779999,35546.2956190,227,803771,20995.9522300,0
1721325780000,0.0260690,0.0261030,0.0259490,0.0260050,1819171,1721325959999,47327.5853870,234,1217311,31683.4509510,0
1721325960000,0.0260250,0.0260830,0.0260030,0.0260130,901811,1721326139999,23491.2624060,131,453411,11812.0617340,0
1721326140000,0.0260130,0.0260730,0.0260130,0.0260420,352461,1721326319999,9181.8830410,90,230975,6017.4776780,0
1721326320000,0.0260480,0.0260510,0.0258970,0.0259640,722653,1721326499999,18758.7066880,162,325063,8435.6348840,0
1721326500000,0.0259770,0.0260300,0.0259650,0.0259970,491808,1721326679999,12787.2270000,117,187021,4863.0766910,0
1721326680000,0.0259950,0.0261340,0.0259270,0.0261030,715369,1721326859999,18618.8583340,148,308004,8004.6113440,0
1721326860000,0.0260910,0.0261560,0.0260500,0.0261280,351009,1721327039999,9159.8143980,131,148716,3880.2192340,0
1721327040000,0.0261330,0.0261920,0.0261020,0.0261020,563042,1721327219999,14731.1650000,94,176838,4627.9907250,0
1721327220000,0.0261010,0.0261870,0.0260450,0.0261820,858778,1721327399999,22442.7643590,118,511968,13376.9889100,0
1721327400000,0.0261780,0.0262110,0.0261420,0.0262070,429141,1721327579999,11239.1766500,113,214218,5612.3071830,0
1721327580000,0.0262020,0.0262320,0.0261480,0.0261510,446662,1721327759999,11699.9768330,103,68429,1792.2894560,0
1721327760000,0.0261500,0.0261750,0.0261040,0.0261150,762983,1721327939999,19937.7922620,135,470737,12303.2127860,0
1721327940000,0.0261250,0.0261270,0.0260870,0.0260930,208200,1721328119999,5435.5385030,65,93765,2448.8632680,0
1721328120000,0.0261030,0.0261050,0.0260370,0.0260500,357628,1721328299999,9324.5716980,71,135656,3538.4809470,0
1721328300000,0.0260420,0.0261070,0.0259980,0.0260970,414162,1721328479999,10788.5906040,112,325667,8482.8797050,0
1721328480000,0.0260990,0.0261150,0.0259860,0.0260530,976080,1721328659999,25410.8134190,136,536020,13952.7260870,0
1721328660000,0.0260770,0.0260800,0.0259820,0.0260660,1260909,1721328839999,32826.3465050,195,459342,11954.3543640,0
1721328840000,0.0260690,0.0261370,0.0260650,0.0261360,594451,1721329019999,15518.4750170,145,394680,10303.4461410,0
1721329020000,0.0261440,0.0261980,0.0261410,0.0261410,1527529,1721329199999,39984.4080380,223,889231,23276.4089780,0
1721329200000,0.0261330,0.0262230,0.0261240,0.0261840,695847,1721329379999,18211.5447970,142,342308,8958.7652960,0
1721329380000,0.0261810,0.0261810,0.0259500,0.0260060,1085028,1721329559999,28284.1763260,212,541455,14121.5701780,0
1721329560000,0.0260090,0.0260930,0.0260090,0.0260690,853986,1721329739999,22251.5357460,121,383040,9976.8604170,0
1721329740000,0.0260840,0.0262280,0.0260780,0.0262210,808554,1721329919999,21154.2486290,136,532283,13924.9696120,0
1721329920000,0.0262240,0.0262530,0.0260780,0.0261680,5940517,1721330099999,155472.4318220,428,3251772,85117.1227030,0
1721330100000,0.0261690,0.0261720,0.0260160,0.0260750,4291982,1721330279999,112013.7382800,432,1862659,48635.9433280,0
1721330280000,0.0261050,0.0261050,0.0259230,0.0259640,5123467,1721330459999,133167.3852110,502,1680920,43691.4299400,0
1721330460000,0.0259360,0.0259910,0.0258060,0.0258360,2748361,1721330639999,71047.7109840,300,1230822,31817.0728240,0
1721330640000,0.0258420,0.0258910,0.0257960,0.0258660,1434700,1721330819999,37080.9116540,219,800698,20693.7036930,0
1721330820000,0.0258570,0.0259590,0.0258320,0.0259420,699327,1721330999999,18098.5090850,161,450910,11666.9208830,0
1721331000000,0.0259360,0.0259770,0.0258980,0.0259130,687550,1721331179999,17835.6418760,148,456877,11850.9087870,0
1721331180000,0.0259180,0.0261130,0.0259040,0.0261130,1791524,1721331359999,46646.7610470,241,1286487,33505.0275040,0
1721331360000,0.0261040,0.0261050,0.0260400,0.0260840,1232486,1721331539999,32145.5626690,178,728692,19003.4939340,0
1721331540000,0.0260910,0.0261390,0.0260570,0.0260820,530333,1721331719999,13844.6725160,122,251631,6569.5883190,0
1721331720000,0.0260890,0.0260980,0.0259940,0.0260150,749079,1721331899999,19499.9071800,126,291955,7603.9938670,0
1721331900000,0.0260220,0.0261010,0.0259980,0.0260970,442580,1721332079999,11528.7801630,124,196361,5113.8745820,0
1721332080000,0.0260910,0.0261140,0.0260710,0.0260800,394898,1721332259999,10304.2917620,96,169702,4428.9770960,0
1721332260000,0.0260710,0.0260760,0.0259810,0.0260050,315676,1721332439999,8212.4443650,84,217196,5651.0770510,0
1721332440000,0.0259940,0.0260490,0.0259810,0.0259880,731244,1721332619999,19020.7032440,116,362294,9423.6665970,0
1721332620000,0.0259770,0.0259890,0.0259140,0.0259450,111085,1721332799999,2882.8808320,64,63896,1658.1926450,0
1721332800000,0.0259410,0.0259770,0.0258680,0.0259770,1132364,1721332979999,29367.7161690,243,579655,15035.9469360,0
1721332980000,0.0259810,0.0260030,0.0259260,0.0259700,1167652,1721333159999,30316.1895290,116,794491,20627.9818380,0
1721333160000,0.0259390,0.0259480,0.0258470,0.0258550,1446278,1721333339999,37416.1691120,111,303239,7844.8681830,0
1721333340000,0.0258580,0.0258650,0.0257160,0.0258180,1665588,1721333519999,42943.5880180,221,1178398,30388.0120740,0
1721333520000,0.0258220,0.0258480,0.0257870,0.0257870,346777,1721333699999,8953.4867740,70,104032,2686.0336860,0
1721333700000,0.0257950,0.0258840,0.0257950,0.0258810,233111,1721333879999,6025.6207450,81,114741,2966.1137400,0
1721333880000,0.0258850,0.0259450,0.0258850,0.0259430,447049,1721334059999,11588.8381330,120,390888,10132.9801190,0
1721334060000,0.0259350,0.0259470,0.0259050,0.0259270,390365,1721334239999,10121.3437520,86,122465,3174.5097250,0
1721334240000,0.0259370,0.0260000,0.0258910,0.0259930,1218401,1721334419999,31607.2823590,196,691108,17932.9171040,0
1721334420000,0.0259920,0.0260120,0.0259290,0.0259570,279452,1721334599999,7260.1866180,83,67976,1764.5759700,0
1721334600000,0.0259580,0.0259830,0.0259550,0.0259660,704015,1721334779999,18284.4813840,95,203357,5281.5662130,0
1721334780000,0.0259620,0.0259720,0.0259280,0.0259720,404205,1721334959999,10490.9813630,84,365158,9477.6525110,0
1721334960000,0.0259870,0.0259910,0.0259420,0.0259420,315897,1721335139999,8201.0516620,89,221707,5755.6305340,0
1721335140000,0.0259490,0.0259890,0.0258980,0.0259490,2336201,1721335319999,60612.1108030,230,1235524,32044.7580930,0
1721335320000,0.0259450,0.0259450,0.0258530,0.0258890,709472,1721335499999,18370.8231310,163,310306,8035.5325600,0
1721335500000,0.0258860,0.0259120,0.0258450,0.0258710,326510,1721335679999,8449.6264830,110,89507,2316.5589550,0
1721335680000,0.0258720,0.0259400,0.0258570,0.0259400,399141,1721335859999,10334.6440260,82,218885,5667.7171620,0
1721335860000,0.0259330,0.0261160,0.0259330,0.0260780,1469985,1721336039999,38286.4595160,175,760699,19807.5904090,0
1721336040000,0.0260690,0.0261490,0.0260680,0.0261250,1106063,1721336219999,28882.8854750,153,442104,11543.7803110,0
1721336220000,0.0261340,0.0262630,0.0261290,0.0262530,4061297,1721336399999,106405.2949820,409,2075521,54379.3618720,0
1721336400000,0.0262320,0.0262910,0.0261990,0.0262060,670068,1721336579999,17579.9014660,138,277456,7279.5938700,0
1721336580000,0.0262080,0.0262190,0.0261550,0.0261550,1195050,1721336759999,31301.1851490,165,526896,13806.4382140,0
1721336760000,0.0261480,0.0262330,0.0261080,0.0262140,2110042,1721336939999,55208.9982540,251,1344172,35183.7328780,0
1721336940000,0.0262160,0.0262350,0.0261930,0.0262060,303502,1721337119999,7958.6558850,86,233931,6134.7321150,0
1721337120000,0.0262150,0.0263570,0.0261810,0.0263030,1094823,1721337299999,28785.6840110,166,815180,21443.1279110,0
1721337300000,0.0262920,0.0262920,0.0261770,0.0262590,2499979,1721337479999,65597.9052690,273,816339,21421.9212220,0
1721337480000,0.0262470,0.0263160,0.0262380,0.0262980,2206187,1721337659999,57956.3982250,176,1311762,34462.8888570,0
1721337660000,0.0262980,0.0263270,0.0262470,0.0262470,677361,1721337839999,17816.6327480,98,322630,8489.3740020,0
1721337840000,0.0262470,0.0263950,0.0262420,0.0263830,1274090,1721338019999,33508.9264460,176,1000512,26309.0180560,0
1721338020000,0.0263870,0.0264150,0.0263740,0.0264000,1590849,1721338199999,41993.9439360,143,713022,18823.0465140,0
1721338200000,0.0263900,0.0264490,0.0263430,0.0264490,400362,1721338379999,10563.6202760,97,299013,7890.6626660,0
1721338380000,0.0264440,0.0265030,0.0264250,0.0264690,1419938,1721338559999,37576.5107110,162,760802,20133.6686340,0
1721338560000,0.0264620,0.0264890,0.0263810,0.0264890,1744052,1721338739999,46100.0498520,178,557229,14725.1170750,0
1721338740000,0.0265030,0.0265040,0.0263840,0.0264530,962873,1721338919999,25438.4633900,116,621781,16428.7742700,0
1721338920000,0.0264530,0.0265180,0.0264380,0.0264870,1327389,1721339099999,35123.9229080,175,735703,19471.5435120,0
1721339100000,0.0264900,0.0265700,0.0264900,0.0265460,867295,1721339279999,23022.0048460,98,595484,15803.2858060,0
1721339280000,0.0265490,0.0265590,0.0265410,0.0265500,100267,1721339459999,2661.8432380,40,28451,755.3467570,0
1721339460000,0.0265470,0.0265550,0.0264950,0.0265260,512058,1721339639999,13581.2630940,57,211573,5608.2329030,0
1721339640000,0.0265310,0.0266240,0.0265280,0.0266220,293288,1721339819999,7789.4782340,92,250795,6659.8589190,0
1721339820000,0.0266250,0.0266500,0.0266120,0.0266490,141425,1721339999999,3765.7556690,32,17204,458.1590740,0
1721340000000,0.0266460,0.0266460,0.0264690,0.0265050,1324849,1721340179999,35156.4196290,217,531056,14086.8071160,0
1721340180000,0.0265050,0.0265270,0.0264340,0.0265120,444272,1721340359999,11766.7918010,129,203730,5398.7250750,0
1721340360000,0.0265220,0.0265220,0.0264160,0.0264160,937403,1721340539999,24813.4983510,122,326680,8645.4807940,0
1721340540000,0.0264140,0.0264240,0.0263130,0.0263710,2135838,1721340719999,56332.2295670,254,564619,14882.5473030,0
1721340720000,0.0263660,0.0264240,0.0263640,0.0264070,584411,1721340899999,15425.8004870,127,280072,7392.0285540,0
1721340900000,0.0264070,0.0264490,0.0263630,0.0264490,200588,1721341079999,5293.9698180,94,153663,4055.4734460,0
1721341080000,0.0264630,0.0265560,0.0264460,0.0265560,1445733,1721341259999,38321.0697600,199,909529,24110.7077830,0
1721341260000,0.0265460,0.0265660,0.0265040,0.0265460,1564560,1721341439999,41513.8577440,231,1028102,27277.6084920,0
1721341440000,0.0265470,0.0265990,0.0265370,0.0265840,1069404,1721341619999,28412.4378400,154,844360,22430.5533910,0
1721341620000,0.0265840,0.0266030,0.0265620,0.0265810,1239816,1721341799999,32948.1283990,180,840495,22335.9579360,0
1721341800000,0.0265730,0.0267040,0.0265730,0.0266710,957703,1721341979999,25541.5585800,186,520523,13886.0089360,0
1721341980000,0.0266640,0.0267200,0.0266230,0.0266530,1208000,1721342159999,32200.2999550,149,950889,25340.6880670,0
1721342160000,0.0266490,0.0268000,0.0266420,0.0267750,1084044,1721342339999,28971.4224270,147,823629,22011.5427760,0
1721342340000,0.0267820,0.0269130,0.0267820,0.0268900,975934,1721342519999,26201.5317830,176,683534,18350.5872060,0
1721342520000,0.0268900,0.0269610,0.0268800,0.0269610,1109536,1721342699999,29843.8804680,107,562818,15142.3351480,0
1721342700000,0.0269660,0.0269790,0.0269020,0.0269530,1671871,1721342879999,45025.2319730,201,687674,18525.2953640,0
1721342880000,0.0269600,0.0269630,0.0269070,0.0269470,830981,1721343059999,22373.9713590,130,626502,16865.3726740,0
1721343060000,0.0269260,0.0269690,0.0268120,0.0269460,800557,1721343239999,21526.5242140,164,351435,9449.1665820,0
1721343240000,0.0269430,0.0269650,0.0268660,0.0268660,2110102,1721343419999,56798.4578930,214,693395,18648.2566380,0
1721343420000,0.0268740,0.0269890,0.0268520,0.0269770,327717,1721343599999,8823.8294630,108,226380,6092.7707420,0
1721343600000,0.0269770,0.0269850,0.0269230,0.0269600,1119916,1721343779999,30182.5394030,146,725325,19546.8056030,0
1721343780000,0.0269560,0.0269980,0.0269330,0.0269720,855937,1721343959999,23088.6658680,148,586559,15822.0923200,0
1721343960000,0.0269780,0.0271040,0.0269630,0.0270090,1939582,1721344139999,52451.1265850,200,1191460,32218.0784990,0
1721344140000,0.0269980,0.0270350,0.0269450,0.0270230,659072,1721344319999,17790.3898870,103,509797,13763.9093440,0
1721344320000,0.0270340,0.0270660,0.0269800,0.0269910,802343,1721344499999,21681.0830240,168,214807,5806.4259030,0
1721344500000,0.0269870,0.0269870,0.0268440,0.0268770,1072965,1721344679999,28850.5154160,187,666351,17913.5448890,0
1721344680000,0.0268680,0.0269680,0.0268490,0.0269050,1074926,1721344859999,28957.1533840,147,618331,16652.5876840,0
1721344860000,0.0269010,0.0269730,0.0269010,0.0269710,958882,1721345039999,25832.6118400,180,499687,13461.9938180,0
1721345040000,0.0269720,0.0270360,0.0269630,0.0270230,215286,1721345219999,5811.8802530,76,189660,5119.8790210,0
1721345220000,0.0270220,0.0270220,0.0269620,0.0269770,579134,1721345399999,15632.1126580,104,445226,12016.9790590,0
1721345400000,0.0269650,0.0270040,0.0269100,0.0269840,384686,1721345579999,10371.1465480,151,153463,4137.5603550,0
1721345580000,0.0269790,0.0270360,0.0269750,0.0270120,310461,1721345759999,8382.2856370,80,108283,2924.5615860,0
1721345760000,0.0270090,0.0270730,0.0270090,0.0270620,597343,1721345939999,16154.8766380,128,351970,9518.9730200,0
1721345940000,0.0270540,0.0270700,0.0270080,0.0270200,888345,1721346119999,24023.5932770,88,438621,11861.6409170,0
1721346120000,0.0270260,0.0270340,0.0269560,0.0269610,203575,1721346299999,5494.5332240,53,102057,2754.1858450,0
1721346300000,0.0269620,0.0269620,0.0268760,0.0268900,613091,1721346479999,16497.4356380,135,326784,8791.1651790,0
1721346480000,0.0268780,0.0268980,0.0268210,0.0268220,866530,1721346659999,23273.5542850,139,150898,4054.6286270,0
1721346660000,0.0268280,0.0268530,0.0267780,0.0268040,324707,1721346839999,8705.9747250,102,210822,5652.7371330,0
1721346840000,0.0268020,0.0268270,0.0267770,0.0267920,169293,1721347019999,4534.9625190,42,145670,3901.7058650,0
1721347020000,0.0268220,0.0268650,0.0267990,0.0268400,823516,1721347199999,22095.6032170,115,649252,17419.7099320,0
