Open Time,Open,High,Low,Close,Volume,Close Time,Quote Asset Volume,Number of Trades,Taker Buy Base Asset Volume,Taker Buy Quote Asset Volume,Ignore
1729638000000,67724.00000000,67773.94000000,67545.00000000,67559.99000000,170.20933000,1729639799999,11513205.61874590,25813,60.87106000,4116816.02714770,0
1729639800000,67559.99000000,67560.00000000,67292.00000000,67426.00000000,189.37171000,1729641599999,12769720.97665450,36286,78.95955000,5323627.38935200,0
1729641600000,67426.01000000,67472.83000000,67138.15000000,67263.98000000,370.69159000,1729643399999,24933853.24813880,80257,158.43110000,10657930.26892720,0
1729643400000,67263.98000000,67272.73000000,67130.43000000,67179.13000000,207.17286000,1729645199999,13922802.70115570,49730,100.60511000,6760459.51064380,0
1729645200000,67179.13000000,67354.88000000,67179.13000000,67306.91000000,240.77827000,1729646999999,16196429.99861740,35761,138.27178000,9300875.94279860,0
1729647000000,67306.91000000,67386.94000000,67242.37000000,67348.46000000,152.78158000,1729648799999,10286853.42468500,35948,57.41971000,3866066.27492840,0
1729648800000,67348.46000000,67386.93000000,67070.49000000,67087.45000000,307.65250000,1729650599999,20682226.59598630,52058,92.28406000,6207011.45654920,0
1729650600000,67087.46000000,67214.00000000,67068.28000000,67096.00000000,273.71423000,1729652399999,18380740.66971430,42399,108.33650000,7275222.49992210,0
1729652400000,67095.99000000,67180.92000000,66890.00000000,66954.62000000,445.17579000,1729654199999,29831829.86252590,70295,168.10216000,11264572.44393570,0
1729654200000,66954.62000000,67106.90000000,66909.50000000,67082.10000000,194.08299000,1729655999999,13006579.25075800,41353,112.26582000,7523168.83834950,0
1729656000000,67082.10000000,67160.02000000,66999.99000000,67089.99000000,259.93902000,1729657799999,17439498.29927880,32716,113.07385000,7588052.10291250,0
1729657800000,67089.99000000,67249.84000000,67060.00000000,67217.48000000,255.44877000,1729659599999,17159464.08377690,32612,173.60590000,11661712.92866820,0
1729659600000,67217.48000000,67227.59000000,67106.63000000,67132.77000000,134.35846000,1729661399999,9025173.24612540,38047,55.58364000,3733741.69829460,0
1729661400000,67132.76000000,67179.00000000,67042.44000000,67087.06000000,210.55900000,1729663199999,14126454.46634720,37400,66.04317000,4431455.57653160,0
1729663200000,67087.06000000,67289.34000000,67060.60000000,67281.31000000,292.55250000,1729664999999,19655360.77911910,32527,211.40512000,14203983.74839340,0
1729665000000,67281.32000000,67302.83000000,66904.18000000,66917.55000000,441.83489000,1729666799999,29632231.25278860,46487,152.17591000,10204782.61079570,0
1729666800000,66917.55000000,67000.77000000,66844.00000000,66957.46000000,311.64047000,1729668599999,20860058.39832050,71097,153.16413000,10251893.99124050,0
1729668600000,66957.47000000,66957.54000000,66800.00000000,66852.34000000,298.71155000,1729670399999,19973624.96689900,59892,130.54757000,8728725.65261620,0
1729670400000,66852.33000000,67048.00000000,66700.00000000,66820.00000000,646.31038000,1729672199999,43208512.65428200,84162,352.01710000,23544517.92360670,0
1729672200000,66820.00000000,66852.43000000,66415.62000000,66530.00000000,787.48357000,1729673999999,52449224.27244860,96487,247.22792000,16469009.22000540,0
1729674000000,66530.00000000,66602.35000000,66200.00000000,66352.01000000,855.04156000,1729675799999,56747792.93886460,132135,395.11402000,26226190.65172680,0
1729675800000,66352.00000000,66578.50000000,66352.00000000,66516.00000000,545.98099000,1729677599999,36306876.40080830,82236,313.53923000,20848744.11980600,0
1729677600000,66515.99000000,66643.50000000,66484.93000000,66621.04000000,532.68742000,1729679399999,35450028.26034250,55998,164.96452000,10980282.56994750,0
1729679400000,66621.03000000,66640.00000000,66397.37000000,66398.19000000,366.18128000,1729681199999,24347602.25688950,52863,114.42792000,7608515.36747150,0
1729681200000,66398.18000000,66554.00000000,66398.18000000,66546.31000000,296.53847000,1729682999999,19717425.64305930,44160,148.88187000,9898563.48066240,0
1729683000000,66546.30000000,66600.00000000,66276.04000000,66414.00000000,647.93976000,1729684799999,43039673.11708610,60297,238.15415000,15818426.72509790,0
1729684800000,66414.00000000,66500.00000000,66190.67000000,66239.99000000,929.07140000,1729686599999,61640865.49342030,99764,338.95208000,22493568.99828970,0
1729686600000,66239.99000000,66512.11000000,66105.00000000,66416.72000000,786.71642000,1729688399999,52191661.46347900,85882,391.54331000,25980658.90786790,0
1729688400000,66416.72000000,66548.00000000,66340.40000000,66546.00000000,295.72620000,1729690199999,19650663.59590620,56751,147.36649000,9795230.41586020,0
1729690200000,66546.00000000,66910.15000000,66409.09000000,66800.00000000,918.74600000,1729691999999,61259010.41714780,174547,514.46027000,34308305.30132960,0
1729692000000,66799.99000000,66833.31000000,66473.24000000,66728.21000000,757.13256000,1729693799999,50463738.15200110,147955,391.57001000,26106266.06839490,0
1729693800000,66728.21000000,66878.79000000,66433.00000000,66490.00000000,463.99421000,1729695599999,30935674.06810640,92018,214.76318000,14323378.09518250,0
1729695600000,66489.99000000,66492.00000000,66102.48000000,66144.44000000,961.21042000,1729697399999,63717717.05715540,161088,427.63648000,28344940.58116270,0
1729697400000,66144.44000000,66250.00000000,65923.01000000,66223.44000000,1442.85890000,1729699199999,95337897.83054090,171134,663.50380000,43855530.07240660,0
1729699200000,66223.45000000,66288.00000000,65880.00000000,65898.01000000,976.80503000,1729700999999,64504603.68018980,166065,482.48490000,31870923.51415340,0
1729701000000,65898.00000000,66124.00000000,65801.00000000,65878.02000000,919.51468000,1729702799999,60638253.51459390,187437,429.08051000,28298063.12533380,0
1729702800000,65878.02000000,65989.97000000,65637.00000000,65927.02000000,1171.24653000,1729704599999,77039185.61966800,152393,547.40608000,36007104.96190860,0
1729704600000,65927.02000000,65927.02000000,65681.11000000,65723.32000000,505.14364000,1729706399999,33228139.63875500,97222,244.21666000,16064084.70408360,0
1729706400000,65723.31000000,65757.58000000,65260.00000000,65626.22000000,1790.36513000,1729708199999,117219050.65103740,185611,787.25110000,51543067.47793550,0
1729708200000,65626.22000000,66070.26000000,65594.00000000,66057.79000000,715.88389000,1729709999999,47144497.12957970,118615,449.27938000,29589135.08759130,0
1729710000000,66057.78000000,66376.00000000,65872.00000000,66232.67000000,733.92440000,1729711799999,48503397.41380390,116726,364.84821000,24116679.61622580,0
1729711800000,66232.67000000,66573.58000000,66117.86000000,66472.00000000,934.79189000,1729713599999,62055576.36873120,118070,514.94533000,34187771.41839370,0
1729713600000,66472.00000000,66542.89000000,66338.99000000,66425.44000000,389.29083000,1729715399999,25858444.52798990,47414,178.64565000,11868026.18159820,0
1729715400000,66425.45000000,66680.00000000,66425.45000000,66669.00000000,338.17456000,1729717199999,22521179.80361430,46306,192.49234000,12818142.32100200,0
1729717200000,66668.99000000,66683.34000000,66459.05000000,66537.19000000,195.61299000,1729718999999,13018864.72225510,34180,70.64272000,4701142.03790400,0
1729719000000,66537.19000000,66537.20000000,66362.15000000,66414.01000000,176.60580000,1729720799999,11733055.37340680,27423,65.69474000,4364037.47379910,0
1729720800000,66414.00000000,66570.00000000,66351.58000000,66377.99000000,269.19533000,1729722599999,17895211.52547770,46558,85.82314000,5705052.14099060,0
1729722600000,66378.00000000,66575.76000000,66351.58000000,66472.96000000,193.16305000,1729724399999,12840776.20955010,30420,87.79343000,5835574.39790650,0
1729724400000,66472.95000000,66727.27000000,66460.00000000,66700.00000000,307.48206000,1729726199999,20482788.21963700,41631,180.48294000,12022061.64640560,0
1729726200000,66699.99000000,66807.37000000,66648.23000000,66668.65000000,282.32688000,1729727999999,18840861.65468190,35238,151.81494000,10131984.96112880,0
1729728000000,66668.65000000,66698.74000000,66510.00000000,66579.99000000,265.63228000,1729729799999,17688673.67729980,47885,110.67162000,7369164.87717830,0
1729729800000,66579.99000000,67476.11000000,66560.00000000,67432.01000000,1067.94050000,1729731599999,71652056.68512010,136997,754.02566000,50586898.96246260,0
1729731600000,67432.00000000,67612.12000000,67213.13000000,67270.00000000,960.32663000,1729733399999,64779240.14511470,138286,508.10850000,34280473.25661030,0
1729733400000,67270.00000000,67299.62000000,67058.03000000,67268.17000000,479.66773000,1729735199999,32222724.11711060,81943,217.83019000,14635621.47754480,0
1729735200000,67268.17000000,67406.00000000,67157.09000000,67391.51000000,359.48806000,1729736999999,24197706.60828770,88211,160.98894000,10836279.50426470,0
1729737000000,67391.51000000,67507.60000000,67254.21000000,67459.63000000,429.63335000,1729738799999,28948618.44162220,72689,200.60029000,13519340.99551120,0
1729738800000,67459.63000000,67474.29000000,67304.17000000,67410.83000000,312.60939000,1729740599999,21067409.82076000,54116,92.59025000,6239535.11209760,0
1729740600000,67410.83000000,67410.83000000,67213.15000000,67213.16000000,193.83468000,1729742399999,13045358.32118370,33326,54.00266000,3634104.46955660,0
1729742400000,67213.16000000,67350.00000000,67210.26000000,67337.54000000,282.87237000,1729744199999,19032245.94319170,31283,143.77344000,9672377.60857830,0
1729744200000,67337.54000000,67442.33000000,67280.00000000,67382.19000000,263.38075000,1729745999999,17739173.06685290,34192,127.77811000,8607398.49218160,0
1729746000000,67382.20000000,67479.55000000,67354.31000000,67383.99000000,239.00738000,1729747799999,16113483.57627100,30484,121.76852000,8208658.27411660,0
1729747800000,67384.00000000,67439.65000000,67353.14000000,67364.00000000,164.42717000,1729749599999,11080167.76749470,28576,66.56867000,4485794.84517260,0
1729749600000,67364.01000000,67475.00000000,67361.36000000,67400.00000000,227.12603000,1729751399999,15314601.96385340,31906,77.57227000,5230372.28571810,0
1729751400000,67400.00000000,67457.70000000,67117.78000000,67119.99000000,414.11039000,1729753199999,27875290.28894090,50041,172.29613000,11603878.58249020,0
1729753200000,67119.99000000,67321.16000000,67087.80000000,67270.68000000,280.59529000,1729754999999,18856716.60782570,63982,150.38575000,10104918.22872150,0
1729755000000,67270.67000000,67310.45000000,67068.75000000,67123.08000000,296.72714000,1729756799999,19939091.26516790,54298,102.51753000,6889182.90471190,0
1729756800000,67123.09000000,67260.61000000,67052.09000000,67146.03000000,261.19024000,1729758599999,17545073.12286530,42687,147.94232000,9938685.34566830,0
1729758600000,67146.02000000,67230.00000000,66850.00000000,66852.87000000,372.35921000,1729760399999,24945969.60445830,82582,127.24515000,8525485.42909730,0
1729760400000,66852.88000000,66987.01000000,66700.00000000,66974.00000000,694.15226000,1729762199999,46406588.88463130,105970,239.97829000,16051175.68980760,0
1729762200000,66974.00000000,67005.61000000,66758.62000000,66876.00000000,442.63665000,1729763999999,29600814.40029830,64716,113.85473000,7613512.49272860,0
1729764000000,66875.99000000,67060.61000000,66852.04000000,67014.01000000,520.54049000,1729765799999,34844251.15438510,46557,151.78599000,10161493.35512390,0
1729765800000,67014.00000000,67123.00000000,66929.50000000,66999.99000000,559.21837000,1729767599999,37478861.53418950,59803,255.30083000,17108997.20232020,0
1729767600000,67000.00000000,67158.58000000,66989.92000000,67158.58000000,243.48203000,1729769399999,16326567.01691260,46345,106.43883000,7137911.57356810,0
1729769400000,67158.58000000,67322.26000000,67154.94000000,67285.99000000,533.99604000,1729771199999,35911415.93638400,67081,194.00023000,13046701.75300670,0
1729771200000,67286.00000000,67500.00000000,67262.00000000,67332.00000000,384.93870000,1729772999999,25937289.54405950,84600,218.96810000,14753604.37547050,0
1729773000000,67332.00000000,67612.48000000,67280.00000000,67517.75000000,537.01256000,1729774799999,36221086.59844040,73096,324.70936000,21903875.10127660,0
1729774800000,67517.76000000,67752.64000000,67450.00000000,67591.98000000,727.08281000,1729776599999,49177232.96335830,142849,422.33271000,28565833.55302330,0
1729776600000,67591.98000000,67998.00000000,67488.99000000,67905.99000000,1173.46163000,1729778399999,79528898.15081730,223719,621.76995000,42146342.18280400,0
1729778400000,67906.00000000,67969.70000000,67529.18000000,67571.99000000,807.23465000,1729780199999,54660820.27204910,195472,305.57752000,20694537.68758480,0
1729780200000,67571.99000000,67980.00000000,67561.50000000,67786.27000000,683.35831000,1729781999999,46324879.83964200,156243,369.65179000,25056449.27691070,0
1729782000000,67786.27000000,67950.00000000,67600.00000000,67721.82000000,512.63862000,1729783799999,34756587.51878310,134733,254.99992000,17289627.93400630,0
1729783800000,67721.82000000,67972.00000000,67620.00000000,67701.22000000,730.96426000,1729785599999,49540026.17555650,121029,499.53449000,33856443.28675550,0
1729785600000,67701.21000000,67789.83000000,67350.01000000,67658.01000000,594.26130000,1729787399999,40150333.03063850,128585,330.42199000,22334329.48288200,0
1729787400000,67658.01000000,67793.34000000,67560.00000000,67574.14000000,294.32123000,1729789199999,19921566.08012840,73645,145.15710000,9826075.96445910,0
1729789200000,67574.15000000,67649.84000000,67460.00000000,67596.01000000,354.01097000,1729790999999,23919405.21365630,74650,221.93534000,14996333.16870590,0
1729791000000,67596.00000000,67859.50000000,67580.01000000,67653.44000000,435.35639000,1729792799999,29491253.21949660,64921,299.41194000,20282257.43611880,0
1729792800000,67653.45000000,67958.00000000,67627.50000000,67846.00000000,427.38160000,1729794599999,28991387.88329780,66054,258.31407000,17520569.89335230,0
1729794600000,67845.99000000,67908.00000000,67704.01000000,67832.00000000,260.41958000,1729796399999,17654160.05215550,54182,135.21303000,9166477.25694890,0
1729796400000,67831.99000000,68131.89000000,67732.54000000,68094.00000000,602.07414000,1729798199999,40905382.65766210,69617,425.12100000,28885021.12249230,0
1729798200000,68094.00000000,68323.00000000,68040.18000000,68309.79000000,1050.37273000,1729799999999,71656334.17425100,113097,618.53451000,42196822.46299070,0
1729800000000,68309.79000000,68341.64000000,68130.00000000,68130.00000000,560.63471000,1729801799999,38241020.64115400,60495,355.10654000,24221028.32336840,0
1729801800000,68130.01000000,68250.00000000,67978.04000000,68196.00000000,385.40770000,1729803599999,26252486.44123880,50784,172.95901000,11785660.01743090,0
1729803600000,68196.00000000,68850.00000000,68196.00000000,68612.00000000,842.29712000,1729805399999,57748235.29394960,138757,503.10496000,34482644.76068610,0
1729805400000,68612.00000000,68667.94000000,68306.06000000,68348.01000000,356.32717000,1729807199999,24389756.96556110,63470,131.47107000,8999273.19655200,0
1729807200000,68348.00000000,68557.99000000,68333.33000000,68376.37000000,323.79009000,1729808999999,22168658.59442100,74144,171.52934000,11743969.95586070,0
1729809000000,68376.38000000,68390.31000000,68183.78000000,68183.78000000,239.53642000,1729810799999,16350936.32641860,61121,111.59660000,7617530.34336940,0
1729810800000,68183.78000000,68264.97000000,68105.78000000,68132.09000000,265.77201000,1729812599999,18126462.14412490,39648,114.82713000,7832357.61494070,0
1729812600000,68132.09000000,68241.99000000,68055.75000000,68198.28000000,176.22964000,1729814399999,12010021.18185620,38595,92.31277000,6291369.40851850,0
1729814400000,68198.27000000,68286.56000000,68130.00000000,68150.37000000,225.33789000,1729816199999,15369554.49683870,64678,96.79388000,6602312.59713040,0
1729816200000,68150.36000000,68157.69000000,67903.00000000,67989.27000000,377.99676000,1729817999999,25706822.38624330,76833,153.64066000,10446775.21768080,0
1729818000000,67989.26000000,68010.01000000,67855.00000000,68010.01000000,255.21355000,1729819799999,17333380.34143070,53432,116.77078000,7931221.81547020,0
1729819800000,68010.01000000,68010.01000000,67845.01000000,67969.70000000,253.12403000,1729821599999,17189938.53425020,46614,98.36265000,6679856.55174840,0
1729821600000,67969.70000000,68074.00000000,67836.00000000,67967.78000000,251.56307000,1729823399999,17094563.42152730,51953,102.06373000,6936225.59829230,0
1729823400000,67967.79000000,68080.00000000,67964.00000000,68066.99000000,226.48732000,1729825199999,15407361.61303920,31292,110.63346000,7526174.34925050,0
1729825200000,68066.99000000,68234.34000000,68066.99000000,68176.02000000,281.25828000,1729826999999,19167499.33996010,34184,125.40041000,8545814.75347090,0
1729827000000,68176.02000000,68176.03000000,67989.55000000,68008.00000000,232.48698000,1729828799999,15824672.39086810,34537,70.50057000,4799813.85264700,0
1729828800000,68007.99000000,68045.36000000,67710.00000000,67713.19000000,429.97177000,1729830599999,29183206.19964350,64847,127.35933000,8643717.80582630,0
1729830600000,67713.20000000,67835.22000000,67691.44000000,67744.00000000,327.87508000,1729832399999,22216727.91336000,48601,134.37571000,9105543.60299330,0
1729832400000,67744.01000000,67758.31000000,67574.92000000,67758.30000000,365.62614000,1729834199999,24750150.27410300,42455,133.55367000,9042863.58059460,0
1729834200000,67758.30000000,67875.08000000,67743.31000000,67757.21000000,322.64817000,1729835999999,21875469.77336450,26835,146.88538000,9960471.14809260,0
1729836000000,67757.21000000,67860.00000000,67690.00000000,67745.77000000,283.35170000,1729837799999,19205780.09970190,34320,137.60530000,9327889.61698280,0
1729837800000,67745.76000000,67768.23000000,67596.92000000,67646.21000000,271.71132000,1729839599999,18380950.54503320,36707,134.39228000,9090585.34602640,0
1729839600000,67646.21000000,67727.30000000,67259.52000000,67303.04000000,738.98711000,1729841399999,49872705.42446200,79521,295.99715000,19984184.67256920,0
1729841400000,67303.03000000,67531.97000000,67250.00000000,67531.97000000,499.07683000,1729843199999,33647083.19345500,52732,278.37271000,18767849.05962400,0
1729843200000,67531.96000000,67631.19000000,67286.28000000,67603.99000000,514.53659000,1729844999999,34709906.58988810,57917,298.43470000,20136410.14248760,0
1729845000000,67604.00000000,67757.58000000,67599.61000000,67658.50000000,416.98983000,1729846799999,28222144.49741640,66395,170.34300000,11529395.85630250,0
1729846800000,67658.49000000,67763.28000000,67594.00000000,67641.64000000,451.42982000,1729848599999,30550439.04673150,69501,160.64168000,10870701.54006470,0
1729848600000,67641.64000000,67878.00000000,67524.91000000,67837.28000000,558.88457000,1729850399999,37819699.07235310,63990,314.02008000,21254839.26341600,0
1729850400000,67837.29000000,67863.29000000,67678.00000000,67852.46000000,251.83442000,1729852199999,17069438.08446170,39584,129.70868000,8792054.30056630,0
1729852200000,67852.46000000,67878.76000000,67782.00000000,67855.23000000,204.72086000,1729853999999,13888589.25729600,47387,93.15714000,6319870.45100220,0
1729854000000,67855.23000000,68045.46000000,67801.21000000,67986.01000000,636.50733000,1729855799999,43244727.44287100,71555,473.50397000,32170132.10478720,0
1729855800000,67986.00000000,68183.78000000,67935.35000000,68105.79000000,397.69192000,1729857599999,27074567.33079080,71303,246.09955000,16753990.46719040,0
1729857600000,68105.79000000,68294.92000000,67959.68000000,68076.00000000,448.14566000,1729859399999,30533444.15759960,69719,198.87196000,13553241.48739820,0
1729859400000,68076.00000000,68200.00000000,68024.00000000,68061.90000000,210.16711000,1729861199999,14310039.55229950,59937,89.97654000,6126650.62592400,0
1729861200000,68061.89000000,68156.00000000,67946.00000000,68009.24000000,273.15706000,1729862999999,18586966.36176110,59449,110.09226000,7491713.19511180,0
1729863000000,68009.25000000,68427.62000000,67737.61000000,68334.00000000,945.44571000,1729864799999,64350747.96994590,178494,476.22067000,32416123.79821660,0
1729864800000,68334.01000000,68740.00000000,68140.00000000,68676.01000000,1144.54975000,1729866599999,78381472.90807990,237231,649.14208000,44452404.51716790,0
1729866600000,68676.01000000,68771.49000000,68240.00000000,68311.31000000,896.72199000,1729868399999,61403963.93722780,179077,395.21775000,27060680.74972720,0
1729868400000,68311.30000000,68543.30000000,68282.00000000,68294.92000000,873.46652000,1729870199999,59793796.03234710,154196,437.71801000,29963153.93816090,0
1729870200000,68294.92000000,68347.97000000,67429.87000000,67690.01000000,1272.14703000,1729871999999,86330921.98047460,253705,501.76352000,34037152.55623410,0
1729872000000,67690.01000000,67890.52000000,67355.00000000,67606.06000000,1125.15829000,1729873799999,76119471.03130120,198245,538.88001000,36469343.86736850,0
1729873800000,67606.06000000,67861.65000000,67511.11000000,67670.00000000,536.23773000,1729875599999,36296326.90224020,145339,282.91442000,19151850.07968380,0
1729875600000,67669.99000000,67814.00000000,67367.25000000,67418.01000000,659.66609000,1729877399999,44563771.83528060,151925,258.89548000,17491543.42548890,0
1729877400000,67418.00000000,67493.75000000,66770.70000000,66836.01000000,1843.85394000,1729879199999,123701750.02753850,219707,662.98192000,44492971.50771160,0
1729879200000,66836.00000000,67522.00000000,66006.60000000,67399.99000000,4966.06037000,1729880999999,331216045.33743790,499233,2302.46984000,153693957.45711560,0
1729881000000,67399.99000000,67585.87000000,66997.85000000,67026.61000000,1160.62014000,1729882799999,78169781.38498760,173718,481.00051000,32408393.08165060,0
1729882800000,67026.62000000,67237.01000000,66618.58000000,66933.99000000,1895.74521000,1729884599999,126883101.72165290,246399,989.10376000,66197991.81082650,0
1729884600000,66933.99000000,67106.30000000,66802.35000000,66850.00000000,632.21985000,1729886399999,42353031.41635960,151869,339.36676000,22739312.26207510,0
1729886400000,66849.99000000,66952.52000000,66620.38000000,66910.18000000,596.54826000,1729888199999,39855340.29611860,112125,309.23388000,20662986.35194560,0
1729888200000,66910.18000000,67034.36000000,66728.00000000,66937.99000000,460.27639000,1729889999999,30777143.66384600,125578,205.69511000,13756887.31823370,0
1729890000000,66938.00000000,67240.00000000,66938.00000000,67163.52000000,290.33297000,1729891799999,19473968.36791410,71913,179.30533000,12027709.12007640,0
1729891800000,67163.51000000,67297.90000000,67037.69000000,67297.90000000,192.20892000,1729893599999,12911769.63531670,39018,94.10963000,6323785.24358590,0
1729893600000,67297.89000000,67392.52000000,67196.26000000,67207.68000000,197.15719000,1729895399999,13270157.71815500,57523,101.17609000,6810327.89357260,0
1729895400000,67207.67000000,67272.73000000,66618.01000000,66626.42000000,463.29610000,1729897199999,31004015.28518510,81684,167.24749000,11189143.69137220,0
1729897200000,66626.43000000,66729.60000000,65596.29000000,65835.68000000,3151.73504000,1729898999999,208068093.31155170,347226,1296.49383000,85575138.65806000,0
1729899000000,65835.67000000,66800.00000000,65740.00000000,66698.33000000,1469.48259000,1729900799999,97506937.18954340,252110,814.53868000,54036302.82403930,0
1729900800000,66698.32000000,66817.15000000,66546.67000000,66773.99000000,825.71720000,1729902599999,55067386.16769560,197448,436.42987000,29106121.02410040,0
1729902600000,66773.99000000,66859.76000000,66659.90000000,66736.00000000,525.59742000,1729904399999,35094147.22369960,111127,266.41576000,17789943.25203580,0
1729904400000,66736.00000000,66816.00000000,66546.72000000,66764.65000000,435.60384000,1729906199999,29039183.71616380,89545,236.31602000,15753993.09159620,0
1729906200000,66764.65000000,66770.00000000,66543.46000000,66711.99000000,314.56623000,1729907999999,20972399.43601430,76429,148.77952000,9920665.38176660,0
1729908000000,66711.99000000,66796.00000000,66439.90000000,66740.15000000,376.73063000,1729909799999,25097767.93514290,79520,183.55697000,12232376.69481200,0
1729909800000,66740.14000000,67050.20000000,66632.00000000,66847.18000000,631.54045000,1729911599999,42268548.94925580,111489,350.07581000,23430899.30954380,0
1729911600000,66847.19000000,66971.53000000,66700.00000000,66950.96000000,423.53673000,1729913399999,28299223.86820490,67923,204.62589000,13674350.07398910,0
1729913400000,66950.96000000,66988.00000000,66894.00000000,66914.00000000,151.71298000,1729915199999,10155347.58605720,46442,69.63221000,4661052.75778500,0
1729915200000,66914.00000000,66994.31000000,66784.26000000,66956.57000000,283.70340000,1729916999999,18983426.65084660,43787,128.08530000,8572803.01950430,0
1729917000000,66956.57000000,66966.00000000,66894.00000000,66948.07000000,112.64370000,1729918799999,7539496.68796610,32689,36.52474000,2444823.72441110,0
1729918800000,66948.06000000,67181.82000000,66944.00000000,67147.98000000,291.21389000,1729920599999,19529255.51674730,49771,167.41373000,11227292.14468870,0
1729920600000,67147.98000000,67223.92000000,67119.44000000,67132.00000000,254.43586000,1729922399999,17089084.95141840,42141,133.06886000,8937613.65755710,0
1729922400000,67131.99000000,67188.75000000,67047.54000000,67123.98000000,165.11644000,1729924199999,11081424.87996500,36903,57.46035000,3856546.91756420,0
1729924200000,67123.98000000,67240.02000000,67119.46000000,67170.03000000,171.79906000,1729925999999,11541964.40389310,36420,92.52261000,6216219.85070650,0
1729926000000,67170.03000000,67186.00000000,67038.00000000,67038.00000000,188.80695000,1729927799999,12671735.65021780,32662,64.99963000,4362534.59465190,0
1729927800000,67038.00000000,67080.00000000,66995.61000000,67007.99000000,161.14586000,1729929599999,10802230.94714470,36383,64.55826000,4327461.65758750,0
1729929600000,67007.99000000,67144.00000000,66997.52000000,67138.00000000,125.19621000,1729931399999,8397176.90669620,30883,66.04369000,4429821.21489450,0
1729931400000,67138.00000000,67175.31000000,67080.00000000,67134.65000000,93.23545000,1729933199999,6259110.67174660,27766,35.37237000,2374532.13145080,0
1729933200000,67134.65000000,67264.34000000,67090.27000000,67218.69000000,209.60273000,1729934999999,14077332.96988700,43621,109.96442000,7386933.39172200,0
1729935000000,67218.68000000,67221.04000000,67054.75000000,67054.75000000,133.90400000,1729936799999,8989473.06108480,31092,41.98786000,2819060.67916280,0
1729936800000,67054.76000000,67170.87000000,67054.75000000,67169.99000000,192.81535000,1729938599999,12938686.62954390,32425,117.72849000,7900282.84498700,0
1729938600000,67170.00000000,67177.38000000,66994.31000000,67053.96000000,241.37692000,1729940399999,16191559.37760570,31121,90.95428000,6101111.67553650,0
1729940400000,67053.95000000,67095.29000000,66953.02000000,67052.99000000,246.28096000,1729942199999,16508399.73904740,38782,126.35555000,8471654.02379280,0
1729942200000,67052.99000000,67162.81000000,67047.18000000,67138.00000000,249.46326000,1729943999999,16740373.98777650,44124,178.36967000,11969046.96058900,0
1729944000000,67138.00000000,67180.00000000,67030.00000000,67030.01000000,160.10234000,1729945799999,10742009.02875570,22319,48.04211000,3223458.52617720,0
1729945800000,67030.00000000,67070.00000000,67006.47000000,67034.11000000,119.49967000,1729947599999,8011547.90338690,29639,56.87542000,3812932.92200730,0
1729947600000,67034.12000000,67094.89000000,66867.96000000,67067.99000000,719.05228000,1729949399999,48159731.02210240,56268,396.27402000,26546888.37231830,0
1729949400000,67068.00000000,67118.00000000,66882.00000000,66894.00000000,268.24897000,1729951199999,17971559.85288960,59147,120.10770000,8050566.99264490,0
1729951200000,66894.00000000,66953.28000000,66756.30000000,66825.78000000,309.68992000,1729952999999,20702667.19340600,87763,126.96690000,8488739.01898550,0
1729953000000,66825.77000000,66879.18000000,66744.00000000,66797.99000000,393.95171000,1729954799999,26318826.13174070,91671,237.15506000,15843497.71290710,0
1729954800000,66797.99000000,66980.03000000,66762.57000000,66937.36000000,421.43494000,1729956599999,28182670.09876510,86710,214.79167000,14363894.73230150,0
1729956600000,66937.37000000,67010.00000000,66866.51000000,66886.49000000,218.80273000,1729958399999,14646077.10222520,56865,117.34628000,7855527.44412280,0
1729958400000,66886.49000000,66969.70000000,66788.00000000,66960.48000000,328.91427000,1729960199999,21994982.65214670,46672,173.00848000,11571279.48774590,0
1729960200000,66960.49000000,67053.61000000,66888.96000000,66979.99000000,296.41600000,1729961999999,19852226.74582490,41675,225.98126000,15135137.40001170,0
1729962000000,66980.00000000,67050.00000000,66970.00000000,67047.50000000,139.24428000,1729963799999,9331339.83059330,29697,78.36836000,5251620.34627360,0
1729963800000,67047.50000000,67140.00000000,67047.50000000,67062.00000000,133.69699000,1729965599999,8970852.35249380,38150,73.89812000,4958703.73998030,0
1729965600000,67062.01000000,67143.64000000,67027.14000000,67106.76000000,126.61650000,1729967399999,8495454.67984100,33265,73.65584000,4942077.11512000,0
1729967400000,67106.75000000,67112.27000000,67042.00000000,67042.00000000,75.74497000,1729969199999,5081300.11336700,36528,33.94623000,2277323.03376730,0
1729969200000,67042.00000000,67164.00000000,67042.00000000,67121.77000000,139.78613000,1729970999999,9380902.06289840,39977,77.67068000,5212334.27969140,0
1729971000000,67121.77000000,67181.82000000,67072.16000000,67177.99000000,77.88534000,1729972799999,5227669.71048410,23206,35.67257000,2394352.78765050,0
1729972800000,67178.00000000,67363.64000000,67144.00000000,67363.43000000,220.10863000,1729974599999,14803912.50078780,48538,154.42375000,10385915.50611500,0
1729974600000,67363.42000000,67454.55000000,67230.00000000,67265.46000000,250.43893000,1729976399999,16866177.72898670,40136,164.12780000,11055210.15856960,0
1729976400000,67265.46000000,67272.00000000,67199.90000000,67199.99000000,84.29256000,1729978199999,5666797.25931100,16513,35.95041000,2416620.92385630,0
1729978200000,67199.99000000,67267.99000000,67103.45000000,67176.82000000,180.64668000,1729979999999,12131314.31304980,29656,48.66034000,3268547.45471100,0
1729980000000,67176.82000000,67235.69000000,67106.43000000,67139.09000000,101.46092000,1729981799999,6815345.15758710,29386,47.06546000,3161226.11827020,0
1729981800000,67139.08000000,67205.00000000,67131.21000000,67132.00000000,78.14670000,1729983599999,5248395.05842530,25127,40.67217000,2731641.54430440,0
1729983600000,67132.00000000,67139.16000000,67088.00000000,67118.76000000,104.84783000,1729985399999,7036163.65201040,18370,41.36122000,2775713.20333360,0
1729985400000,67118.76000000,67149.53000000,67084.00000000,67092.76000000,88.13289000,1729987199999,5914387.08299190,15730,39.92615000,2679431.25799340,0
1729987200000,67092.76000000,67118.12000000,67010.00000000,67074.00000000,81.37092000,1729988999999,5456701.43431350,28629,38.37824000,2573480.50585750,0
1729989000000,67074.00000000,67083.41000000,66974.00000000,67014.85000000,129.11208000,1729990799999,8652821.68024010,23867,37.10201000,2486965.54674340,0
1729990800000,67014.85000000,67015.14000000,66913.73000000,66981.73000000,117.32354000,1729992599999,7855522.78862610,30091,36.51362000,2445132.23191130,0
1729992600000,66981.74000000,67127.49000000,66960.00000000,67074.94000000,164.25123000,1729994399999,11014922.16422720,32456,110.25778000,7394634.29081960,0
1729994400000,67074.94000000,67116.44000000,67031.06000000,67031.07000000,79.71019000,1729996199999,5346863.25122860,21160,49.75902000,3337975.13456180,0
1729996200000,67031.06000000,67073.42000000,67024.32000000,67054.00000000,63.43815000,1729997999999,4253341.16339870,23310,38.76640000,2599093.51328160,0
1729998000000,67054.00000000,67190.00000000,67000.00000000,67190.00000000,168.20289000,1729999799999,11287957.15380290,29449,131.25769000,8810106.40791150,0
1729999800000,67189.99000000,67325.46000000,67160.00000000,67289.57000000,182.63269000,1730001599999,12280314.05477910,37933,125.23971000,8421353.71970900,0
1730001600000,67289.57000000,67317.78000000,67217.50000000,67241.47000000,103.72496000,1730003399999,6976861.77777170,29188,52.47729000,3529813.78284970,0
1730003400000,67241.46000000,67241.47000000,67120.00000000,67160.00000000,78.43054000,1730005199999,5268454.27594450,23143,33.14898000,2226715.85939580,0
1730005200000,67160.00000000,67202.22000000,67149.79000000,67187.61000000,95.14378000,1730006999999,6391350.44134840,17192,56.15375000,3771826.35025260,0
1730007000000,67187.61000000,67213.99000000,67154.03000000,67181.82000000,122.55056000,1730008799999,8234002.13296770,14933,62.05008000,4168680.74541000,0
1730008800000,67181.81000000,67181.82000000,67133.90000000,67147.99000000,55.91594000,1730010599999,3755026.27387930,11627,24.96115000,1676176.81895440,0
1730010600000,67147.99000000,67186.00000000,67128.00000000,67186.00000000,54.41263000,1730012399999,3654021.57277140,14671,24.69364000,1658267.03052610,0
1730012400000,67186.00000000,67230.67000000,67184.94000000,67189.99000000,104.62636000,1730014199999,7030987.26300030,12994,49.16263000,3303830.33217420,0
1730014200000,67189.99000000,67218.00000000,67184.94000000,67204.01000000,54.14905000,1730015999999,3638867.45262720,7747,16.25563000,1092353.47971510,0
1730016000000,67204.00000000,67266.49000000,67204.00000000,67215.49000000,113.98864000,1730017799999,7664329.27168520,19009,45.85075000,3082626.02316290,0
1730017800000,67215.49000000,67229.60000000,67168.50000000,67226.00000000,91.48778000,1730019599999,6148293.34964750,22266,49.28689000,3312384.59459000,0
1730019600000,67226.00000000,67226.00000000,67136.61000000,67152.00000000,203.44432000,1730021399999,13664327.54611900,30004,52.25948000,3509974.64376700,0
1730021400000,67152.00000000,67152.00000000,67101.04000000,67149.45000000,105.86528000,1730023199999,7105991.71906950,22450,41.66803000,2796890.80095280,0
1730023200000,67149.44000000,67194.00000000,67094.00000000,67121.21000000,184.58313000,1730024999999,12392609.00173190,23276,75.01690000,5037415.38886320,0
1730025000000,67121.21000000,67140.00000000,67072.64000000,67088.00000000,94.86281000,1730026799999,6364600.48911250,18766,35.00444000,2348387.81628460,0
1730026800000,67088.00000000,67145.00000000,67036.85000000,67138.00000000,144.20205000,1730028599999,9674356.03069080,25950,64.89938000,4354628.08521800,0
1730028600000,67137.99000000,67185.03000000,67118.00000000,67128.04000000,150.99422000,1730030399999,10139381.43194530,23594,109.39411000,7346093.42737850,0
1730030400000,67128.03000000,67412.00000000,67121.45000000,67369.65000000,208.11201000,1730032199999,14002778.29041420,46562,115.02571000,7737672.70344600,0
1730032200000,67369.66000000,67500.00000000,67350.00000000,67400.00000000,360.08344000,1730033999999,24279796.85118190,51890,220.34028000,14857272.72486570,0
1730034000000,67399.99000000,67776.99000000,67396.00000000,67664.25000000,479.15515000,1730035799999,32394501.25537170,100997,287.51748000,19436010.29881960,0
1730035800000,67664.25000000,67713.83000000,67583.12000000,67616.00000000,223.05674000,1730037599999,15091337.06851210,70059,102.35043000,6924817.38998510,0
1730037600000,67616.00000000,67740.00000000,67608.00000000,67682.78000000,175.84358000,1730039399999,11899703.15016140,54445,83.23877000,5632909.58901680,0
1730039400000,67682.78000000,67750.00000000,67643.47000000,67695.99000000,178.35927000,1730041199999,12074676.09593670,42367,89.03900000,6027474.63246170,0
1730041200000,67696.00000000,67844.00000000,67695.99000000,67720.00000000,272.14110000,1730042999999,18440007.61067950,42595,116.13729000,7869738.43086360,0
1730043000000,67719.99000000,67858.00000000,67693.72000000,67791.99000000,164.73997000,1730044799999,11166046.44128040,37156,83.80852000,5681048.07179890,0
1730044800000,67792.00000000,67878.79000000,67668.77000000,67689.99000000,251.63136000,1730046599999,17058405.27354220,56562,104.26824000,7069253.20998510,0
1730046600000,67689.99000000,67838.50000000,67662.00000000,67828.00000000,170.09683000,1730048399999,11521321.73868030,35755,90.76839000,6148144.37807060,0
1730048400000,67828.00000000,67840.00000000,67722.56000000,67759.37000000,175.97721000,1730050199999,11928697.24245330,33862,77.92934000,5282160.12810770,0
1730050200000,67759.37000000,68000.00000000,67742.23000000,67759.70000000,383.98106000,1730051999999,26066747.73035460,73762,235.99999000,16021639.99544890,0
1730052000000,67759.70000000,67771.51000000,67618.71000000,67686.45000000,178.95836000,1730053799999,12111564.00998250,40296,66.99395000,4534948.08117320,0
1730053800000,67686.46000000,67720.00000000,67540.88000000,67560.00000000,202.76808000,1730055599999,13713163.64480160,39205,67.07104000,4536645.54969360,0
1730055600000,67560.00000000,67834.73000000,67554.00000000,67801.24000000,171.01908000,1730057399999,11572932.09509770,51096,111.72424000,7561779.17160910,0
1730057400000,67801.24000000,67850.00000000,67752.15000000,67850.00000000,102.24734000,1730059199999,6933333.33964240,33104,54.25562000,3679053.00172110,0
1730059200000,67850.00000000,67887.99000000,67799.90000000,67887.98000000,105.84320000,1730060999999,7180627.09320410,30589,44.19349000,2998383.86109650,0
1730061000000,67887.98000000,67921.26000000,67688.09000000,67762.01000000,175.66394000,1730062799999,11910143.91886160,31313,70.46236000,4777828.64190010,0
1730062800000,67762.00000000,67953.99000000,67740.10000000,67953.98000000,99.22709000,1730064599999,6730125.94229110,26918,61.75916000,4189627.61865840,0
1730064600000,67953.98000000,68195.11000000,67828.00000000,67930.01000000,446.68834000,1730066399999,30386820.57175940,74489,286.75109000,19509766.16108070,0
1730066400000,67930.02000000,68300.41000000,67930.02000000,68300.40000000,784.25303000,1730068199999,53461830.12515190,124671,421.66286000,28745267.73242880,0
1730068200000,68300.40000000,68332.05000000,68120.00000000,68124.00000000,185.31496000,1730069999999,12640916.31000720,46759,76.26991000,5202005.40714800,0
1730070000000,68124.00000000,68290.00000000,68044.00000000,68075.80000000,271.15659000,1730071799999,18494801.61286310,44057,132.12482000,9011512.38281570,0
1730071800000,68075.79000000,68120.00000000,67988.00000000,68021.70000000,142.45445000,1730073599999,9693967.33732160,39775,58.48662000,3979901.30595380,0
1730073600000,68021.69000000,68116.78000000,67966.02000000,68045.21000000,259.67447000,1730075399999,17670902.07824650,77689,145.57168000,9905853.60683040,0
1730075400000,68045.21000000,68058.99000000,67839.90000000,67859.91000000,295.68465000,1730077199999,20085227.74128600,67536,135.54930000,9207191.12239220,0
1730077200000,67859.90000000,67907.20000000,67763.50000000,67797.99000000,185.65652000,1730078999999,12592756.27588420,57711,83.04345000,5632792.82238760,0
1730079000000,67797.99000000,67832.62000000,67740.11000000,67751.89000000,119.25095000,1730080799999,8083575.78498920,31825,43.67032000,2960093.90387230,0
1730080800000,67751.89000000,67860.00000000,67677.77000000,67856.69000000,176.69788000,1730082599999,11971341.34645300,53516,85.10953000,5765452.86541630,0
1730082600000,67856.69000000,67856.69000000,67740.00000000,67803.99000000,261.62802000,1730084399999,17736774.64316160,50013,152.28348000,10323206.07093310,0
1730084400000,67804.00000000,67991.28000000,67786.09000000,67930.14000000,164.02923000,1730086199999,11138687.32815090,39662,95.28230000,6469431.04073340,0
1730086200000,67930.13000000,67952.67000000,67700.51000000,67727.59000000,285.88647000,1730087999999,19383429.40601360,52578,71.56559000,4851540.43433770,0
1730088000000,67727.59000000,67800.00000000,67636.44000000,67671.93000000,277.12184000,1730089799999,18767076.23961560,50037,76.48595000,5179781.37491920,0
1730089800000,67671.93000000,67774.71000000,67648.81000000,67744.29000000,213.44767000,1730091599999,14453262.86520270,26974,109.33251000,7402971.31084390,0
1730091600000,67744.30000000,67754.00000000,67700.00000000,67705.00000000,98.50347000,1730093399999,6670952.74582690,32318,35.35960000,2394643.55983840,0
1730093400000,67705.00000000,67964.10000000,67618.00000000,67909.85000000,255.61194000,1730095199999,17324971.00216110,49215,111.32654000,7547352.92573910,0
1730095200000,67909.85000000,67939.40000000,67805.19000000,67828.90000000,305.37333000,1730096999999,20727928.18922650,39576,74.42150000,5051310.33478410,0
1730097000000,67828.90000000,67959.15000000,67800.00000000,67959.15000000,162.13638000,1730098799999,11007815.20970050,33863,89.47855000,6074494.17440880,0
1730098800000,67959.15000000,68680.00000000,67959.15000000,68608.35000000,1248.96715000,1730100599999,85443709.34338230,169780,682.08655000,46656712.59161310,0
1730100600000,68608.35000000,68665.52000000,68349.20000000,68415.52000000,667.28379000,1730102399999,45706531.33279950,102580,232.95280000,15955032.93957570,0
1730102400000,68415.52000000,68596.00000000,68415.51000000,68454.54000000,449.65242000,1730104199999,30792757.01135670,69845,248.13228000,16992660.88436660,0
1730104200000,68454.54000000,68454.55000000,68328.00000000,68328.00000000,211.13958000,1730105999999,14434760.25430670,42567,95.94171000,6558808.62933700,0
1730106000000,68328.00000000,68468.00000000,68271.52000000,68297.51000000,271.70288000,1730107799999,18568471.22691540,45934,145.15065000,9920031.35556870,0
1730107800000,68297.51000000,68614.09000000,68238.81000000,68574.00000000,365.25861000,1730109599999,24988641.50979090,57885,200.89282000,13743336.35843530,0
1730109600000,68573.99000000,68740.00000000,68548.00000000,68739.99000000,337.27779000,1730111399999,23149179.91690260,48419,176.58546000,12120276.70965960,0
1730111400000,68739.99000000,68833.57000000,68620.01000000,68625.87000000,447.76874000,1730113199999,30780232.71858150,63080,223.63146000,15375927.36170670,0
1730113200000,68625.86000000,68756.30000000,68490.00000000,68737.87000000,282.29366000,1730114999999,19371973.58374970,45431,113.53807000,7793041.58814750,0
1730115000000,68737.86000000,68768.57000000,68650.07000000,68753.78000000,303.76166000,1730116799999,20874923.24001010,55315,128.20878000,8810117.37822890,0
1730116800000,68753.78000000,68947.99000000,68590.00000000,68923.08000000,669.32718000,1730118599999,46042725.55352400,132300,373.58205000,25702191.54878450,0
1730118600000,68923.07000000,69063.62000000,68789.00000000,68908.01000000,1203.11039000,1730120399999,82961599.98626490,147504,650.10338000,44832385.10217090,0
1730120400000,68908.00000000,69095.91000000,68864.29000000,68963.99000000,743.83112000,1730122199999,51318519.13891530,94781,391.79896000,27030834.07019970,0
1730122200000,68964.00000000,69280.00000000,68777.00000000,68819.99000000,1748.78972000,1730123999999,120826144.92708780,253043,994.04645000,68693029.43979380,0
1730124000000,68820.00000000,69100.00000000,68688.00000000,68810.74000000,943.59927000,1730125799999,65005037.27438800,232725,434.93288000,29968095.78911700,0
1730125800000,68810.74000000,69026.00000000,68688.00000000,68840.00000000,834.25011000,1730127599999,57461272.15227180,133197,396.45446000,27309350.86852600,0
1730127600000,68840.00000000,68853.27000000,68500.01000000,68521.03000000,831.09483000,1730129399999,57053742.39316160,178298,296.13463000,20330756.57868820,0
1730129400000,68521.04000000,68733.21000000,68426.67000000,68494.20000000,645.52367000,1730131199999,44269062.80989790,149100,288.79222000,19806596.02187840,0
1730131200000,68494.20000000,68888.00000000,68452.54000000,68794.52000000,399.21331000,1730132999999,27437254.70775560,81441,214.02717000,14709478.25208280,0
1730133000000,68794.53000000,68980.00000000,68500.00000000,68709.27000000,675.02951000,1730134799999,46429261.28828010,133446,346.12284000,23809504.11663140,0
1730134800000,68709.27000000,68952.41000000,68513.10000000,68952.41000000,773.71955000,1730136599999,53227133.25096100,162454,416.74055000,28670503.15398360,0
1730136600000,68952.40000000,69208.43000000,68950.50000000,68984.00000000,764.31905000,1730138399999,52814822.68909900,124828,356.83762000,24655953.19911000,0
1730138400000,68984.00000000,69240.00000000,68874.32000000,68924.33000000,563.02394000,1730140199999,38888047.02878790,127008,275.84816000,19053095.16464760,0
1730140200000,68924.32000000,69238.00000000,68846.00000000,69212.12000000,432.57740000,1730141999999,29844484.62259290,94783,245.61529000,16946020.74672110,0
1730142000000,69212.12000000,69900.00000000,69150.01000000,69817.06000000,3214.33673000,1730143799999,223695614.12353650,225227,2057.98288000,143199503.05337640,0
1730143800000,69817.06000000,69895.00000000,69460.83000000,69629.98000000,1137.68673000,1730145599999,79275518.40114080,141523,476.95584000,33233092.64384700,0
1730145600000,69629.99000000,69719.59000000,69427.79000000,69442.00000000,520.71376000,1730147399999,36216080.64224630,73642,208.20043000,14481782.82757520,0
1730147400000,69442.00000000,69644.57000000,69441.90000000,69644.56000000,318.03872000,1730149199999,22107310.01070140,42017,173.51330000,12061350.25911810,0
1730149200000,69644.57000000,69790.00000000,69518.35000000,69589.99000000,310.07016000,1730150999999,21601213.36076620,46715,122.52481000,8536259.12066960,0
1730151000000,69590.00000000,69797.99000000,69589.99000000,69791.00000000,327.02415000,1730152799999,22798053.27710350,35642,179.93977000,12542512.96936180,0
1730152800000,69791.00000000,70270.00000000,69791.00000000,69911.32000000,2869.77268000,1730154599999,200915672.21937820,213726,2034.69827000,142439695.32406620,0
1730154600000,69911.31000000,69980.00000000,69806.00000000,69961.65000000,547.58912000,1730156399999,38267657.13629310,99749,302.32243000,21127687.29543080,0
1730156400000,69961.64000000,70145.50000000,69733.30000000,69809.01000000,626.80806000,1730158199999,43849976.16576280,95618,292.67569000,20485300.83109990,0
1730158200000,69809.01000000,69963.89000000,69809.01000000,69962.21000000,301.49633000,1730159999999,21073645.66381460,50330,132.89880000,9289056.70887030,0
1730160000000,69962.21000000,70010.00000000,69760.00000000,69848.41000000,307.48496000,1730161799999,21484381.23229040,82400,157.83624000,11028733.40789770,0
1730161800000,69848.41000000,70000.07000000,69762.21000000,69960.88000000,347.12175000,1730163599999,24259292.33408270,66682,178.56143000,12480350.54157490,0
1730163600000,69960.89000000,70015.00000000,69840.24000000,69915.92000000,305.08069000,1730165399999,21331544.16259140,76711,162.78966000,11382743.65803970,0
1730165400000,69915.92000000,70387.97000000,69880.00000000,70310.58000000,796.91187000,1730167199999,55895851.79334890,115390,531.07574000,37250469.76309210,0
1730167200000,70310.58000000,71587.88000000,70221.11000000,71372.00000000,3932.74217000,1730168999999,279113318.65446770,384615,2629.43472000,186596677.18192380,0
1730169000000,71372.00000000,71508.00000000,70970.84000000,71190.05000000,1923.23114000,1730170799999,137141667.97615750,198450,1021.75797000,72865485.78915310,0
1730170800000,71190.05000000,71430.96000000,71170.00000000,71207.99000000,693.97868000,1730172599999,49487230.73721990,77889,363.51137000,25919982.59891780,0
1730172600000,71208.00000000,71303.04000000,70885.02000000,70938.14000000,954.14407000,1730174399999,67800747.60833320,91146,467.92113000,33250688.78001690,0
1730174400000,70938.15000000,71139.22000000,70926.73000000,71109.44000000,628.92522000,1730176199999,44677804.79822690,62093,353.21256000,25091880.33072890,0
1730176200000,71109.44000000,71137.31000000,70981.15000000,71088.01000000,499.24918000,1730177999999,35471406.50496190,61851,270.01424000,19184188.35182120,0
1730178000000,71088.00000000,71110.40000000,70886.59000000,70916.27000000,590.15004000,1730179799999,41893686.40808100,47017,272.92088000,19376836.02055390,0
1730179800000,70916.26000000,71090.91000000,70908.00000000,71039.99000000,541.62558000,1730181599999,38458765.22054220,52513,320.09361000,22727792.07102260,0
1730181600000,71039.99000000,71250.00000000,71006.00000000,71102.85000000,776.89261000,1730183399999,55274545.41575770,72548,468.25599000,33316029.17768760,0
1730183400000,71102.84000000,71370.00000000,71095.20000000,71248.45000000,725.88579000,1730185199999,51697908.75659450,86736,406.66073000,28962342.80193870,0
1730185200000,71248.46000000,71267.08000000,70946.43000000,71037.45000000,758.70497000,1730186999999,53911604.08101630,91668,307.55851000,21856162.70859210,0
1730187000000,71037.46000000,71100.00000000,70837.83000000,71017.97000000,869.28420000,1730188799999,61685945.05965780,59403,304.64086000,21614939.85639560,0
1730188800000,71017.96000000,71111.12000000,70974.00000000,71111.11000000,441.49094000,1730190599999,31362962.92981880,38842,209.27461000,14866871.97742720,0
1730190600000,71111.11000000,71219.72000000,71104.47000000,71134.01000000,439.70200000,1730192399999,31286494.58065470,40993,228.36843000,16248922.21898330,0
1730192400000,71134.00000000,71344.00000000,71114.68000000,71330.13000000,481.10117000,1730194199999,34266169.30441370,44292,281.38477000,20042310.14968240,0
1730194200000,71330.13000000,71332.89000000,71146.19000000,71301.42000000,487.11795000,1730195999999,34701101.29396120,41769,231.50190000,16491763.47314870,0
1730196000000,71301.42000000,71344.00000000,71144.67000000,71146.00000000,443.04949000,1730197799999,31560829.21165800,49771,163.74874000,11664718.87390620,0
1730197800000,71146.01000000,71292.99000000,71078.67000000,71171.32000000,384.32224000,1730199599999,27357523.82201510,49132,173.39645000,12343664.83361020,0
1730199600000,71171.32000000,71300.00000000,71150.01000000,71299.99000000,484.79047000,1730201399999,34539593.88557660,41969,238.84632000,17016822.35687200,0
1730201400000,71299.99000000,71578.95000000,71286.38000000,71452.01000000,1172.24951000,1730203199999,83773786.98620290,90982,710.65283000,50782611.82478450,0
1730203200000,71452.02000000,71500.00000000,71168.01000000,71234.30000000,660.29307000,1730204999999,47096766.20775760,73209,282.53805000,20153833.91181470,0
1730205000000,71234.31000000,71294.00000000,71102.02000000,71108.01000000,483.70431000,1730206799999,34442243.56614900,64224,215.74170000,15362261.00153330,0
1730206800000,71108.00000000,71260.64000000,71094.00000000,71228.55000000,454.23189000,1730208599999,32322031.33048740,48426,307.91908000,21910619.01410280,0
1730208600000,71228.55000000,71825.75000000,70929.00000000,71804.00000000,1980.46167000,1730210399999,141532370.43655620,255474,1147.03749000,82001867.75889900,0
1730210400000,71803.99000000,71983.00000000,71327.67000000,71592.00000000,1989.68899000,1730212199999,142658546.12891380,279534,1042.06930000,74731925.00878150,0
1730212200000,71592.00000000,71969.70000000,71528.00000000,71867.09000000,1610.30971000,1730213999999,115652579.47465560,179443,900.62512000,64683035.05717640,0
1730214000000,71867.10000000,72095.79000000,71654.01000000,71921.57000000,1945.74876000,1730215799999,139919317.72692810,191000,1129.19135000,81221039.86947770,0
1730215800000,71921.57000000,72429.99000000,71727.90000000,72402.01000000,2385.57140000,1730217599999,172232736.59055570,242891,1383.57751000,99904262.14815330,0
1730217600000,72402.00000000,72737.00000000,72350.70000000,72706.00000000,2788.28272000,1730219399999,202304831.70850840,238406,1543.97922000,112032826.57854560,0
1730219400000,72706.01000000,72923.74000000,72518.18000000,72739.44000000,1818.97088000,1730221199999,132273290.49537890,185273,950.28762000,69121627.24564490,0
1730221200000,72739.43000000,72978.00000000,72650.01000000,72922.01000000,1230.25372000,1730222999999,89598122.45354600,161105,674.62789000,49134124.31848800,0
1730223000000,72922.00000000,72990.00000000,72529.58000000,72721.50000000,1434.65252000,1730224799999,104358010.51787120,147830,658.94023000,47949280.84578890,0
1730224800000,72721.49000000,73000.00000000,72666.32000000,72848.93000000,899.46812000,1730226599999,65535641.05181230,114195,517.47041000,37703609.25952380,0
1730226600000,72848.92000000,73250.00000000,72830.01000000,73170.01000000,1632.75481000,1730228399999,119287091.62707020,132727,992.21979000,72478605.27151960,0
1730228400000,73170.00000000,73620.12000000,72706.00000000,72859.91000000,2822.21809000,1730230199999,206820727.54367930,275238,1462.42334000,107197127.57254440,0
1730230200000,72859.90000000,72982.00000000,72504.03000000,72536.16000000,1749.39515000,1730231999999,127292219.94041360,259777,774.43352000,56353892.53586060,0
1730232000000,72536.38000000,72670.47000000,71882.00000000,71995.53000000,1621.49971000,1730233799999,117214362.14878360,237671,584.33090000,42249627.69175940,0
1730233800000,71995.53000000,72427.22000000,71864.65000000,72336.22000000,893.55956000,1730235599999,64512864.58724190,148124,503.84256000,36375900.62347440,0
1730235600000,72336.22000000,72612.27000000,72221.28000000,72420.20000000,466.68429000,1730237399999,33806798.82328810,92518,213.19345000,15444434.36069660,0
1730237400000,72420.20000000,72421.70000000,72265.68000000,72289.98000000,282.45211000,1730239199999,20428366.72789070,38340,122.58148000,8865359.95599490,0
1730239200000,72289.97000000,72500.00000000,72192.03000000,72373.42000000,427.23413000,1730240999999,30910359.27290310,66657,231.92013000,16778208.26359150,0
1730241000000,72373.42000000,72978.90000000,72360.50000000,72660.00000000,601.82669000,1730242799999,43779184.83634650,104033,293.64588000,21356348.05336860,0
1730242800000,72659.99000000,72808.77000000,72516.56000000,72633.99000000,531.86281000,1730244599999,38622919.01004860,47962,240.55900000,17467544.79471290,0
1730244600000,72633.99000000,72792.00000000,72608.62000000,72736.42000000,432.24414000,1730246399999,31430441.92734060,36511,271.89045000,19768434.27381340,0
1730246400000,72736.41000000,72785.72000000,72401.33000000,72453.47000000,475.20114000,1730248199999,34487889.31882010,63056,211.12690000,15330883.80307600,0
1730248200000,72453.46000000,72453.46000000,72113.78000000,72289.99000000,516.44061000,1730249999999,37334283.74844910,74886,203.70460000,14725453.07385410,0
1730250000000,72289.99000000,72290.00000000,72000.01000000,72136.00000000,548.60677000,1730251799999,39553811.75069510,80975,233.06015000,16800105.82009440,0
1730251800000,72135.99000000,72415.36000000,72130.00000000,72415.36000000,317.29896000,1730253599999,22949122.47434060,65868,181.03963000,13092938.21243120,0
1730253600000,72415.36000000,72634.50000000,72354.21000000,72420.00000000,440.96076000,1730255399999,31974890.37054680,62228,210.22810000,15245207.81516610,0
1730255400000,72420.00000000,72568.58000000,72330.00000000,72342.99000000,350.29627000,1730257199999,25383415.69723340,40503,202.99449000,14713720.10451240,0
1730257200000,72342.99000000,72482.12000000,72242.50000000,72259.60000000,336.81244000,1730258999999,24371277.05565780,45320,129.43967000,9366259.12554950,0
1730259000000,72259.61000000,72332.68000000,72171.47000000,72234.00000000,568.14255000,1730260799999,41043758.13150800,41680,292.54735000,21133136.60531540,0
1730260800000,72234.00000000,72350.00000000,72187.55000000,72319.72000000,403.97105000,1730262599999,29183717.74408940,37336,176.37288000,12740629.40364410,0
1730262600000,72319.73000000,72335.61000000,72234.00000000,72282.00000000,203.34773000,1730264399999,14701691.29488940,22358,60.84026000,4398513.37924470,0
1730264400000,72281.99000000,72496.77000000,72268.00000000,72485.04000000,261.42850000,1730266199999,18921972.01607380,28717,151.12268000,10938877.86580400,0
1730266200000,72485.05000000,72513.03000000,72363.79000000,72498.00000000,771.18387000,1730267999999,55882469.86309590,39485,385.97538000,27970652.32252580,0
1730268000000,72498.00000000,72610.00000000,72344.10000000,72424.11000000,541.30107000,1730269799999,39235399.08017440,49292,237.33625000,17206374.92834420,0
1730269800000,72424.11000000,72467.78000000,72306.31000000,72306.31000000,239.97519000,1730271599999,17372285.96029060,38191,82.41618000,5966677.37270570,0
1730271600000,72306.32000000,72445.63000000,72300.00000000,72323.76000000,243.90710000,1730273399999,17652054.52027370,24574,74.26320000,5374322.98398980,0
1730273400000,72323.76000000,72334.38000000,72100.00000000,72227.99000000,400.75588000,1730275199999,28933388.68120990,47843,152.54246000,11011322.39344750,0
1730275200000,72227.99000000,72542.20000000,72220.97000000,72490.07000000,390.69517000,1730276999999,28296942.95412430,46372,225.54630000,16336790.91742290,0
1730277000000,72490.06000000,72518.88000000,72211.59000000,72241.35000000,375.67762000,1730278799999,27184369.00819040,59226,144.63343000,10469468.88228530,0
1730278800000,72241.35000000,72520.00000000,72224.31000000,72506.43000000,338.69942000,1730280599999,24513312.59328590,68774,208.60474000,15096694.67703360,0
1730280600000,72506.43000000,72588.00000000,72401.16000000,72576.01000000,330.77174000,1730282399999,23977978.98634460,58691,180.17045000,13060626.45735250,0
1730282400000,72576.02000000,72604.97000000,72466.49000000,72503.99000000,323.33627000,1730284199999,23455108.71401490,49475,183.24644000,13294097.42330330,0
1730284200000,72504.00000000,72504.00000000,72369.00000000,72378.02000000,483.43882000,1730285999999,35008612.58845450,63871,307.26726000,22251177.59736440,0
1730286000000,72378.02000000,72378.02000000,72146.00000000,72149.99000000,489.88320000,1730287799999,35395069.88853110,70128,220.15441000,15905656.06876980,0
1730287800000,72150.00000000,72300.00000000,71926.82000000,71983.99000000,516.72530000,1730289599999,37253466.87817060,79914,200.35954000,14447790.47983060,0
1730289600000,71984.00000000,72140.34000000,71750.04000000,72059.99000000,966.72005000,1730291399999,69590998.14284000,138154,448.98139000,32328908.56166820,0
1730291400000,72060.00000000,72063.18000000,71780.00000000,71862.17000000,979.60418000,1730293199999,70448429.66680510,148488,473.92429000,34084539.50772530,0
1730293200000,71862.17000000,71929.02000000,71674.13000000,71772.03000000,786.01440000,1730294999999,56441899.71490180,147565,415.28019000,29820999.66445780,0
1730295000000,71772.03000000,72100.00000000,71436.00000000,71966.00000000,1431.99558000,1730296799999,102701358.47433410,250724,751.00400000,53874408.43351630,0
1730296800000,71966.00000000,72377.36000000,71932.00000000,72166.31000000,1279.78780000,1730298599999,92346572.12410250,254086,717.30259000,51762474.00633680,0
1730298600000,72166.31000000,72470.00000000,72099.90000000,72411.79000000,744.58283000,1730300399999,53840058.19919700,173372,455.74878000,32955827.39032640,0
1730300400000,72411.79000000,72440.00000000,71693.94000000,71958.00000000,883.89266000,1730302199999,63654788.82373560,206775,371.40292000,26750329.78497200,0
1730302200000,71958.00000000,72169.29000000,71820.00000000,72061.34000000,714.22214000,1730303999999,51424200.03177820,132829,400.22462000,28822129.12459160,0
1730304000000,72061.34000000,72080.17000000,71800.00000000,72027.50000000,583.30588000,1730305799999,41955412.21523360,127115,290.77697000,20916091.81641760,0
1730305800000,72027.49000000,72197.50000000,71934.64000000,72110.86000000,514.80491000,1730307599999,37119854.22332820,88250,280.06626000,20192183.61388820,0
1730307600000,72110.86000000,72126.00000000,71830.00000000,71854.10000000,303.73824000,1730309399999,21850431.67949100,85608,136.52116000,9819875.88367650,0
1730309400000,71854.10000000,71950.00000000,71641.77000000,71894.72000000,395.81151000,1730311199999,28415383.95756150,91228,207.16338000,14871046.39945150,0
1730311200000,71894.73000000,72060.00000000,71851.57000000,72020.00000000,324.49363000,1730312999999,23356011.15042540,69751,173.91437000,12517040.48051590,0
1730313000000,72019.99000000,72150.00000000,71863.29000000,71974.75000000,374.50837000,1730314799999,26964974.48136960,77663,162.78202000,11720437.40823790,0
1730314800000,71974.74000000,72027.15000000,71783.19000000,71859.38000000,373.69572000,1730316599999,26863921.45266300,63360,171.37027000,12318501.79642560,0
1730316600000,71859.38000000,72060.00000000,71800.00000000,71822.01000000,431.46113000,1730318399999,31037804.02901830,60189,210.90747000,15173002.69041650,0
1730318400000,71822.01000000,72494.98000000,71644.19000000,72303.17000000,1918.61080000,1730320199999,138250789.47250480,221695,1066.69571000,76870179.84745720,0
1730320200000,72303.16000000,72857.15000000,72153.43000000,72857.14000000,1388.89517000,1730321999999,100781243.44636690,140196,822.88221000,59721378.35104720,0
1730322000000,72857.14000000,72961.00000000,72222.00000000,72305.49000000,1063.17909000,1730323799999,77233322.05891100,114452,503.96931000,36612993.87759810,0
1730323800000,72305.49000000,72397.78000000,72112.70000000,72388.10000000,242.34078000,1730325599999,17508766.43117980,37896,128.46066000,9282141.21798600,0
1730325600000,72388.10000000,72675.53000000,72252.00000000,72527.52000000,477.66247000,1730327399999,34628276.94185390,52685,276.16181000,20022435.35154320,0
1730327400000,72527.52000000,72539.89000000,72301.23000000,72397.40000000,229.03516000,1730329199999,16578950.10098680,38846,81.50198000,5899075.76994520,0
1730329200000,72397.40000000,72700.00000000,72361.18000000,72622.87000000,344.72278000,1730330999999,25018180.89181130,36209,192.97896000,14004512.92196270,0
1730331000000,72622.87000000,72622.88000000,72343.98000000,72344.74000000,264.04785000,1730332799999,19132620.25942310,24835,92.20026000,6680292.13349680,0
1730332800000,72344.75000000,72413.99000000,72254.00000000,72315.20000000,248.06551000,1730334599999,17945114.16191250,47250,104.78794000,7579914.57859790,0
1730334600000,72315.20000000,72316.00000000,72052.98000000,72165.99000000,762.18003000,1730336399999,54994909.29324990,81966,423.38937000,30550101.88619360,0
1730336400000,72165.99000000,72338.00000000,72165.99000000,72299.99000000,302.74807000,1730338199999,21881216.46927030,46716,175.72936000,12699974.04822270,0
1730338200000,72300.00000000,72455.49000000,72030.08000000,72370.00000000,331.25786000,1730339999999,23942222.59224190,72131,143.29091000,10358006.51470220,0
1730340000000,72370.01000000,72411.63000000,72189.00000000,72315.99000000,384.73442000,1730341799999,27816819.97360480,64559,182.39382000,13189850.98115650,0
1730341800000,72315.99000000,72588.00000000,72315.99000000,72553.01000000,343.36930000,1730343599999,24884598.43797560,49576,181.40551000,13146833.48580940,0
1730343600000,72553.01000000,72599.99000000,72349.05000000,72380.09000000,334.21829000,1730345399999,24230835.17065800,44196,122.77952000,8902584.65802530,0
1730345400000,72380.09000000,72457.99000000,72293.01000000,72353.74000000,249.25329000,1730347199999,18043578.18352770,33125,111.76493000,8089671.20302520,0
1730347200000,72353.75000000,72380.91000000,72237.19000000,72312.00000000,306.28471000,1730348999999,22150398.30255000,40400,179.38365000,12973087.06729420,0
1730349000000,72312.00000000,72359.12000000,72224.38000000,72273.99000000,226.47517000,1730350799999,16375507.89270700,29516,80.81077000,5842438.12865580,0
1730350800000,72273.99000000,72384.17000000,72207.85000000,72283.48000000,221.26180000,1730352599999,15995211.60824040,30624,92.88554000,6714029.64247700,0
1730352600000,72283.49000000,72353.96000000,72280.00000000,72282.00000000,242.96970000,1730354399999,17569384.24575990,20030,97.31209000,7036243.18755190,0
1730354400000,72282.01000000,72320.00000000,72250.00000000,72279.90000000,157.98581000,1730356199999,11420240.99712750,27088,83.08642000,6005862.34464840,0
1730356200000,72279.90000000,72320.64000000,72152.00000000,72212.12000000,511.05274000,1730357999999,36916950.62221120,48185,291.25044000,21040216.06772900,0
1730358000000,72212.13000000,72400.00000000,72150.00000000,72370.00000000,323.52811000,1730359799999,23379235.83076840,37946,136.50822000,9867080.81462760,0
1730359800000,72370.00000000,72478.00000000,72369.99000000,72417.19000000,310.99728000,1730361599999,22526198.96969030,37037,168.24586000,12186302.19977760,0
1730361600000,72417.19000000,72452.00000000,72164.00000000,72224.01000000,387.03628000,1730363399999,27982702.59600550,47311,169.99362000,12291506.01670770,0
1730363400000,72224.00000000,72292.46000000,72149.79000000,72276.05000000,285.09919000,1730365199999,20583515.48198230,38428,146.18166000,10553756.43892420,0
1730365200000,72276.06000000,72386.00000000,72253.55000000,72370.01000000,346.25147000,1730366999999,25039487.62537020,47692,201.60510000,14578895.75721430,0
1730367000000,72370.01000000,72397.78000000,72289.00000000,72304.70000000,195.76403000,1730368799999,14163372.65211370,24148,102.31873000,7403213.27832900,0
1730368800000,72304.70000000,72420.00000000,72222.77000000,72267.20000000,295.28567000,1730370599999,21354233.25499460,42048,168.02527000,12152126.91644710,0
1730370600000,72267.20000000,72700.00000000,72244.00000000,72639.27000000,635.75487000,1730372399999,46131872.23502440,66642,303.95529000,22047495.77585260,0
1730372400000,72639.28000000,72660.00000000,72288.00000000,72335.02000000,563.78204000,1730374199999,40846719.45176360,104973,248.71764000,18018521.57718620,0
1730374200000,72335.02000000,72367.57000000,72222.00000000,72226.00000000,420.24788000,1730375999999,30375373.06883550,43163,193.40636000,13979125.94447630,0
1730376000000,72226.00000000,72276.00000000,72033.00000000,72118.00000000,629.43082000,1730377799999,45421120.91639290,137402,272.73428000,19681273.10061190,0
1730377800000,72118.00000000,72264.91000000,71966.00000000,72114.00000000,697.48919000,1730379599999,50306751.42461280,102737,267.57721000,19302856.48890740,0
1730379600000,72114.00000000,72178.60000000,71932.22000000,71959.99000000,495.04055000,1730381399999,35659096.06178670,103726,245.54403000,17686580.54860900,0
1730381400000,71959.99000000,71983.83000000,71110.00000000,71308.00000000,1982.43683000,1730383199999,141938840.91585600,255163,949.49619000,67987848.00465840,0
1730383200000,71308.00000000,71386.00000000,70759.26000000,70982.00000000,2337.36842000,1730384999999,166180520.14444380,349695,1111.37418000,79036100.28013870,0
1730385000000,70982.00000000,71226.00000000,70624.01000000,70752.02000000,1597.13873000,1730386799999,113177580.45986150,273399,742.67260000,52616163.57685620,0
1730386800000,70752.01000000,71060.00000000,70600.00000000,70869.76000000,1262.60618000,1730388599999,89468229.41693550,225165,709.29038000,50263711.05275840,0
1730388600000,70869.76000000,70913.69000000,70431.77000000,70620.00000000,1389.84242000,1730390399999,98165190.27300090,160973,561.33808000,39651699.50621910,0
1730390400000,70620.01000000,70949.51000000,70355.93000000,70539.90000000,1272.46028000,1730392199999,89899167.72197170,171603,680.31986000,48085148.68371500,0
1730392200000,70539.91000000,70564.99000000,70380.00000000,70403.58000000,876.77395000,1730393999999,61762990.39020290,111932,467.09398000,32903298.00803280,0
1730394000000,70403.59000000,70803.12000000,70359.00000000,70650.00000000,585.89037000,1730395799999,41369483.75057350,121305,346.45226000,24463619.40263540,0
1730395800000,70650.00000000,70800.00000000,70396.37000000,70785.28000000,622.52238000,1730397599999,43946126.74572240,135374,311.88939000,22021000.88155850,0
1730397600000,70785.28000000,70787.88000000,70307.16000000,70372.72000000,691.76306000,1730399399999,48740809.35153720,174361,322.68996000,22732099.87499650,0
1730399400000,70372.73000000,70688.81000000,70106.20000000,70633.67000000,732.19192000,1730401199999,51529780.36016830,168764,336.93031000,23720066.76232550,0
1730401200000,70633.67000000,70750.00000000,70406.27000000,70406.27000000,346.51693000,1730402999999,24467757.65623100,89919,163.70918000,11560564.80847650,0
1730403000000,70406.28000000,70632.00000000,70036.00000000,70092.07000000,859.40343000,1730404799999,60432359.61171690,141196,422.42473000,29710252.56161700,0
1730404800000,70092.07000000,70299.44000000,70022.00000000,70193.75000000,961.82822000,1730406599999,67466783.75458940,140764,525.92087000,36890493.84285090,0
1730406600000,70193.74000000,70293.92000000,69685.76000000,70026.73000000,1148.71662000,1730408399999,80352543.93498560,151691,437.49614000,30608879.98300080,0
1730408400000,70026.74000000,70390.00000000,69856.04000000,70310.92000000,597.91961000,1730410199999,41966755.35150050,99061,359.43710000,25232520.07020850,0
1730410200000,70310.93000000,70541.52000000,70252.01000000,70442.39000000,326.58401000,1730411999999,22989078.60140180,46678,179.18745000,12615378.50674270,0
1730412000000,70442.39000000,70500.00000000,70174.09000000,70292.00000000,371.21202000,1730413799999,26100390.74598720,75445,151.77798000,10672381.96550090,0
1730413800000,70292.00000000,70543.98000000,70264.00000000,70480.00000000,331.58166000,1730415599999,23351891.22090820,56372,163.24610000,11496042.97780780,0
1730415600000,70479.99000000,70646.00000000,70402.00000000,70620.56000000,374.93647000,1730417399999,26448554.66024190,59054,218.13677000,15388091.73007960,0
1730417400000,70620.57000000,70654.76000000,70292.00000000,70292.01000000,474.84538000,1730419199999,33453474.90647090,49013,149.17174000,10515330.71795460,0
1730419200000,70292.01000000,70470.00000000,70248.96000000,70428.00000000,410.49095000,1730420999999,28890766.81475420,69491,225.96082000,15904162.79166350,0
1730421000000,70428.00000000,70428.00000000,70146.80000000,70173.73000000,429.96195000,1730422799999,30205376.55802730,59316,222.86968000,15655339.61083550,0
1730422800000,70173.72000000,70360.00000000,70014.00000000,70043.35000000,440.65098000,1730424599999,30922381.14259370,71267,212.62858000,14922821.13397870,0
1730424600000,70043.34000000,70062.00000000,69313.74000000,69402.01000000,1731.06292000,1730426399999,120630557.18254780,226862,679.87108000,47384225.66277400,0
1730426400000,69402.00000000,69538.00000000,68830.00000000,69390.01000000,2163.24532000,1730428199999,149546142.55714290,227649,877.85969000,60714030.93134750,0
1730428200000,69390.00000000,69600.00000000,69140.07000000,69579.89000000,638.85686000,1730429999999,44339987.44339400,111379,330.87603000,22968053.69087360,0
1730430000000,69579.89000000,69714.45000000,69494.00000000,69646.00000000,511.19651000,1730431799999,35571329.60317800,73724,252.35850000,17561564.73581210,0
1730431800000,69645.99000000,69670.21000000,69334.00000000,69369.99000000,410.61706000,1730433599999,28521184.39592530,57555,129.71380000,9010770.04248080,0
1730433600000,69369.99000000,69500.00000000,69342.01000000,69499.99000000,369.72485000,1730435399999,25667968.82803910,56345,210.79277000,14633179.76542100,0
1730435400000,69499.99000000,69623.99000000,69486.01000000,69592.00000000,300.68385000,1730437199999,20917619.69224640,41101,136.45125000,9492685.45365710,0
1730437200000,69592.00000000,69648.00000000,69526.00000000,69617.18000000,227.18760000,1730438999999,15809692.41222880,38566,116.75629000,8125650.02213140,0
1730439000000,69617.19000000,69670.90000000,69580.00000000,69609.29000000,214.71661000,1730440799999,14949115.23353760,31388,86.73666000,6038418.03691920,0
1730440800000,69609.28000000,69699.14000000,69299.96000000,69308.00000000,814.67540000,1730442599999,56584473.58403930,84751,283.42333000,19690786.71872400,0
1730442600000,69308.01000000,69536.00000000,69212.12000000,69212.13000000,492.64019000,1730444399999,34177217.35845480,67373,213.24735000,14795499.85686470,0
1730444400000,69212.13000000,69333.34000000,69080.00000000,69254.01000000,645.42707000,1730446199999,44665867.51084690,97506,265.30166000,18361453.07721590,0
1730446200000,69254.01000000,69420.13000000,69227.71000000,69273.70000000,775.07785000,1730447999999,53734744.12906300,73380,426.33878000,29556016.26498140,0
1730448000000,69273.70000000,69538.00000000,69237.26000000,69462.00000000,540.78264000,1730449799999,37525739.65899110,61300,295.08968000,20480958.75436200,0
1730449800000,69461.99000000,69515.16000000,69307.44000000,69376.10000000,341.63638000,1730451599999,23714809.38119350,51377,180.90021000,12557656.02201500,0
1730451600000,69376.10000000,69500.00000000,69324.00000000,69428.00000000,209.93447000,1730453399999,14575856.62643840,36300,112.01813000,7777358.53934610,0
1730453400000,69428.01000000,69588.00000000,69406.00000000,69534.90000000,276.16419000,1730455199999,19196975.30233250,35224,163.81639000,11387340.79523640,0
1730455200000,69534.90000000,70000.00000000,69524.28000000,69994.00000000,877.43390000,1730456999999,61256111.19201340,79509,597.47847000,41712018.05111140,0
1730457000000,69994.01000000,70156.00000000,69748.68000000,69989.65000000,882.43357000,1730458799999,61756397.19476800,104809,496.42292000,34746172.49356070,0
1730458800000,69989.64000000,70228.00000000,69989.64000000,70187.99000000,779.15876000,1730460599999,54639240.16685090,78597,379.06751000,26579516.81089980,0
1730460600000,70188.00000000,70190.07000000,69987.77000000,70002.01000000,351.08335000,1730462399999,24615513.24442510,44084,142.75074000,10007036.49526650,0
1730462400000,70002.01000000,70254.00000000,69990.00000000,70094.00000000,488.94600000,1730464199999,34291250.43974730,63107,277.05059000,19431171.53507140,0
1730464200000,70094.01000000,70467.65000000,69897.02000000,70354.87000000,1387.87118000,1730465999999,97513069.42500440,150659,720.79051000,50649456.84239410,0
1730466000000,70354.86000000,70354.86000000,70142.00000000,70222.00000000,567.48399000,1730467799999,39866237.50774990,71583,207.85458000,14600560.83024750,0
1730467800000,70222.00000000,71220.00000000,70169.50000000,71200.44000000,2417.77843000,1730469599999,171058336.95179910,193381,1294.34489000,91602920.13188830,0
1730469600000,71200.43000000,71552.59000000,70949.12000000,71505.94000000,1733.08437000,1730471399999,123576699.26310930,208077,849.65436000,60593789.41504740,0
1730471400000,71505.94000000,71632.95000000,70912.60000000,71271.17000000,1579.16273000,1730473199999,112544471.25794110,194328,664.96483000,47401442.72706510,0
1730473200000,71271.17000000,71360.00000000,70654.00000000,70873.98000000,1148.05524000,1730474999999,81498115.57489500,170497,517.77467000,36752303.20128200,0
1730475000000,70873.98000000,70878.00000000,69044.00000000,69387.77000000,3260.87098000,1730476799999,227544093.76534680,335565,1255.49285000,87574668.98282140,0
1730476800000,69387.78000000,70515.16000000,69352.00000000,70224.01000000,1872.06624000,1730478599999,130967421.07652490,255074,1056.53537000,73892138.48896530,0
1730478600000,70224.01000000,70396.00000000,69865.89000000,69920.73000000,1000.55108000,1730480399999,70158549.31765590,164853,403.61761000,28308540.67323760,0
1730480400000,69920.72000000,70181.83000000,69475.00000000,70045.53000000,1292.24144000,1730482199999,90305218.59344780,167733,620.88329000,43397145.03004360,0
1730482200000,70045.54000000,70060.00000000,69534.32000000,69586.01000000,967.87776000,1730483999999,67486499.40417840,123705,422.01247000,29434845.93047500,0
1730484000000,69586.01000000,69636.37000000,69272.72000000,69459.91000000,716.48775000,1730485799999,49763599.70937440,92682,361.04062000,25074580.09529010,0
1730485800000,69459.90000000,69534.00000000,69066.07000000,69151.66000000,738.96852000,1730487599999,51166821.98888910,74148,324.97888000,22507286.80550100,0
1730487600000,69151.66000000,69313.73000000,68820.14000000,69053.99000000,1224.42894000,1730489399999,84522936.93306960,99534,526.35925000,36345620.06957180,0
1730489400000,69054.00000000,69454.00000000,68929.56000000,69268.00000000,909.64146000,1730491199999,62936660.10762140,78755,477.81435000,33066914.28559400,0
1730491200000,69268.00000000,69452.00000000,69179.90000000,69408.95000000,362.88828000,1730492999999,25153389.49140090,35078,165.35319000,11463546.05217090,0
1730493000000,69408.95000000,69460.00000000,69168.60000000,69248.95000000,359.76524000,1730494799999,24946154.91825140,27228,173.46169000,12027052.77668400,0
1730494800000,69248.95000000,69358.77000000,68922.00000000,68960.51000000,362.79661000,1730496599999,25078245.17409540,36293,144.31485000,9977369.44371470,0
1730496600000,68960.51000000,69312.88000000,68854.50000000,69263.99000000,339.51936000,1730498399999,23433400.04475180,38580,171.34610000,11827102.14521680,0
1730498400000,69264.00000000,69438.00000000,69234.00000000,69274.01000000,240.58377000,1730500199999,16679094.57798180,36255,109.33012000,7579561.36638610,0
1730500200000,69274.01000000,69455.95000000,69250.00000000,69440.01000000,141.38458000,1730501999999,9807769.10051990,25473,74.45472000,5165144.57153680,0
1730502000000,69440.01000000,69627.00000000,69364.00000000,69559.99000000,212.32682000,1730503799999,14758529.31680660,31004,129.98758000,9034694.30101500,0
1730503800000,69560.00000000,69560.00000000,69472.00000000,69496.01000000,142.24355000,1730505599999,9886390.85177580,16826,56.01451000,3893415.30099220,0
1730505600000,69496.00000000,69660.00000000,69479.91000000,69628.01000000,460.76703000,1730507399999,32053669.53233550,45875,239.51068000,16659606.23915580,0
1730507400000,69628.01000000,69675.92000000,69564.83000000,69665.99000000,138.03135000,1730509199999,9610582.77174980,26929,68.66937000,4781288.98950410,0
1730509200000,69665.99000000,69696.97000000,69506.72000000,69576.56000000,263.15611000,1730510999999,18315433.62090400,30577,99.64065000,6936424.60894850,0
1730511000000,69576.57000000,69689.95000000,69528.91000000,69668.10000000,103.13319000,1730512799999,7180415.13967320,22465,56.11814000,3907518.25618230,0
1730512800000,69668.10000000,69914.37000000,69668.09000000,69896.01000000,353.76348000,1730514599999,24691501.71231080,34398,265.26888000,18513922.69438330,0
1730514600000,69896.00000000,69896.00000000,69655.47000000,69661.96000000,258.93238000,1730516399999,18059261.14973910,29488,100.56059000,7014589.03195360,0
1730516400000,69661.95000000,69787.74000000,69661.95000000,69676.11000000,120.77599000,1730518199999,8421273.54562180,25143,78.10128000,5445669.30251410,0
1730518200000,69676.12000000,69714.02000000,69563.22000000,69599.99000000,190.41995000,1730519999999,13261113.21630840,28561,85.30914000,5941794.48962280,0
1730520000000,69599.99000000,69627.90000000,69523.78000000,69536.00000000,151.86114000,1730521799999,10563266.96128210,23062,71.16406000,4950319.12776940,0
1730521800000,69536.00000000,69585.99000000,69468.05000000,69568.00000000,168.27386000,1730523599999,11697893.53126590,25758,86.89523000,6041162.87309710,0
1730523600000,69568.00000000,69654.71000000,69446.00000000,69578.11000000,152.10125000,1730525399999,10578796.63963030,28964,67.06897000,4665364.00171460,0
1730525400000,69578.11000000,69727.28000000,69556.00000000,69710.00000000,138.91213000,1730527199999,9676355.07434660,27339,70.27919000,4895664.98127440,0
1730527200000,69709.99000000,69748.16000000,69576.32000000,69640.01000000,132.75055000,1730528999999,9246458.50185160,24976,65.29428000,4548008.67012160,0
1730529000000,69640.01000000,69744.86000000,69587.98000000,69744.86000000,142.52888000,1730530799999,9928710.83557710,21462,64.92894000,4523779.29682850,0
1730530800000,69744.86000000,69763.79000000,69684.00000000,69691.99000000,202.29952000,1730532599999,14106246.60808940,25329,82.86151000,5777726.70535630,0
1730532600000,69692.00000000,69823.94000000,69682.00000000,69813.91000000,209.42028000,1730534399999,14611668.47798020,28343,128.80701000,8986312.49251100,0
1730534400000,69813.91000000,69838.62000000,69642.85000000,69642.85000000,165.40994000,1730536199999,11537390.45116980,20648,61.24886000,4272078.41652420,0
1730536200000,69642.85000000,69691.50000000,69580.81000000,69643.99000000,108.82578000,1730537999999,7577443.83253760,19788,53.14756000,3700855.28380000,0
