etime,close
2009/3/27,3577
2009/3/30,3548
2009/3/31,3549
2009/4/1,3549
2009/4/2,3481
2009/4/3,3456
2009/4/7,3482
2009/4/8,3469
2009/4/9,3472
2009/4/10,3485
2009/4/13,3481
2009/4/14,3558
2009/4/15,3566
2009/4/16,3597
2009/4/17,3622
2009/4/20,3632
2009/4/21,3539
2009/4/22,3536
2009/4/23,3507
2009/4/24,3506
2009/4/27,3505
2009/4/28,3507
2009/4/29,3511
2009/4/30,3543
2009/5/4,3624
2009/5/5,3588
2009/5/6,3591
2009/5/7,3608
2009/5/8,3602
2009/5/11,3649
2009/5/12,3647
2009/5/13,3646
2009/5/14,3598
2009/5/15,3606
2009/5/18,3596
2009/5/19,3617
2009/5/20,3624
2009/5/21,3629
2009/5/22,3617
2009/5/25,3607
2009/5/26,3606
2009/5/27,3610
2009/6/1,3643
2009/6/2,3663
2009/6/3,3665
2009/6/4,3693
2009/6/5,3754
2009/6/8,3770
2009/6/9,3782
2009/6/10,3797
2009/6/11,3869
2009/6/12,3893
2009/6/15,3850
2009/6/16,3864
2009/6/17,3857
2009/6/18,3845
2009/6/19,3891
2009/6/22,3917
2009/6/23,3868
2009/6/24,3874
2009/6/25,3871
2009/6/26,3860
2009/6/29,3838
2009/6/30,3828
2009/7/1,3835
2009/7/2,3864
2009/7/3,3869
2009/7/6,3866
2009/7/7,3869
2009/7/8,3851
2009/7/9,3852
2009/7/10,3878
2009/7/13,3894
2009/7/14,3926
2009/7/15,3974
2009/7/16,4029
2009/7/17,4013
2009/7/20,4018
2009/7/21,4030
2009/7/22,4066
2009/7/23,4101
2009/7/24,4159
2009/7/27,4218
2009/7/28,4269
2009/7/29,4369
2009/7/30,4407
2009/7/31,4540
2009/8/3,4824
2009/8/4,4886
2009/8/5,4873
2009/8/6,4859
2009/8/7,4731
2009/8/10,4624
2009/8/11,4645
2009/8/12,4603
2009/8/13,4636
2009/8/14,4522
2009/8/17,4449
2009/8/18,4442
2009/8/19,4304
2009/8/20,4226
2009/8/21,4342
2009/8/24,4358
2009/8/25,4227
2009/8/26,4249
2009/8/27,4274
2009/8/28,4291
2009/8/31,4183
2009/9/1,4093
2009/9/2,4045
2009/9/3,4038
2009/9/4,4044
2009/9/7,3960
2009/9/8,3927
2009/9/9,4002
2009/9/10,4045
2009/9/11,3997
2009/9/14,3937
2009/9/15,3972
2009/9/16,4008
2009/9/17,4033
2009/9/18,3967
2009/9/21,3988
2009/9/22,3967
2009/9/23,3917
2009/9/24,3840
2009/9/25,3827
2009/9/28,3711
2009/9/29,3676
2009/9/30,3690
2009/10/9,3671
2009/10/12,3664
2009/10/13,3679
2009/10/14,3678
2009/10/15,3728
2009/10/16,3783
2009/10/19,3886
2009/10/20,3847
2009/10/21,3857
2009/10/22,3894
2009/10/23,3884
2009/10/26,3959
2009/10/27,3978
2009/10/28,3913
2009/10/29,3821
2009/10/30,3866
2009/11/2,3872
2009/11/3,3912
2009/11/4,3886
2009/11/5,3886
2009/11/6,3887
2009/11/9,4081
2009/11/10,4108
2009/11/11,4087
2009/11/12,4054
2009/11/13,4037
2009/11/16,4069
2009/11/17,4056
2009/11/18,4043
2009/11/19,4102
2009/11/20,4117
2009/11/23,4159
2009/11/24,4158
2009/11/25,4121
2009/11/26,4107
2009/11/27,3983
2009/11/30,4372
2009/12/1,4360
2009/12/2,4383
2009/12/3,4381
2009/12/4,4360
2009/12/7,4375
2009/12/8,4321
2009/12/9,4272
2009/12/10,4294
2009/12/11,4376
2009/12/14,4384
2009/12/15,4409
2009/12/16,4397
2009/12/17,4403
2009/12/18,4372
2009/12/21,4390
2009/12/22,4420
2009/12/23,4412
2009/12/24,4442
2009/12/25,4460
2009/12/28,4510
2009/12/29,4512
2009/12/30,4498
2009/12/31,4502
2010/1/4,4576
2010/1/5,4590
2010/1/6,4620
2010/1/7,4539
2010/1/8,4456
2010/1/11,4502
2010/1/12,4503
2010/1/13,4420
2010/1/14,4448
2010/1/15,4395
2010/1/18,4374
2010/1/19,4388
2010/1/20,4364
2010/1/21,4344
2010/1/22,4298
2010/1/25,4280
2010/1/26,4270
2010/1/27,4299
2010/1/28,4295
2010/1/29,4298
2010/2/1,4296
2010/2/2,4209
2010/2/3,4165
2010/2/4,4123
2010/2/5,4088
2010/2/8,4123
2010/2/9,4137
2010/2/10,4191
2010/2/11,4216
2010/2/12,4276
2010/2/22,4278
2010/2/23,4273
2010/2/24,4252
2010/2/25,4234
2010/2/26,4196
2010/3/1,4216
2010/3/2,4172
2010/3/3,4150
2010/3/4,4145
2010/3/5,4157
2010/3/8,4190
2010/3/9,4625
2010/3/10,4640
2010/3/11,4644
2010/3/12,4660
2010/3/15,4653
2010/3/16,4735
2010/3/17,4781
2010/3/18,4751
2010/3/19,4749
2010/3/22,4782
2010/3/23,4766
2010/3/24,4767
2010/3/25,4791
2010/3/26,4815
2010/3/29,4803
2010/3/30,4790
2010/3/31,4760
2010/4/1,4751
2010/4/2,4772
2010/4/6,4813
2010/4/7,4840
2010/4/8,4823
2010/4/9,4831
2010/4/12,4870
2010/4/13,4879
2010/4/14,4871
2010/4/15,4837
2010/4/16,4826
2010/4/19,4771
2010/4/20,4762
2010/4/21,4755
2010/4/22,4749
2010/4/23,4737
2010/4/26,4741
2010/4/27,4689
2010/4/28,4619
2010/4/29,4599
2010/4/30,4609
2010/5/4,4649
2010/5/5,4636
2010/5/6,4653
2010/5/7,4565
2010/5/10,4527
2010/5/11,4510
2010/5/12,4422
2010/5/13,4401
2010/5/14,4394
2010/5/17,4235
2010/5/18,4180
2010/5/19,4205
2010/5/20,4267
2010/5/21,4208
2010/5/24,4284
2010/5/25,4284
2010/5/26,4272
2010/5/27,4251
2010/5/28,4279
2010/5/31,4237
2010/6/1,4189
2010/6/2,4174
2010/6/3,4197
2010/6/4,4174
2010/6/7,4037
2010/6/8,4043
2010/6/9,4074
2010/6/10,4085
2010/6/11,4110
2010/6/17,4130
2010/6/18,4106
2010/6/21,4132
2010/6/22,4143
2010/6/23,4087
2010/6/24,4099
2010/6/25,4085
2010/6/28,4058
2010/6/29,4005
2010/6/30,3971
2010/7/1,3966
2010/7/2,3948
2010/7/5,3976
2010/7/6,3976
2010/7/7,3964
2010/7/8,3957
2010/7/9,3932
2010/7/12,3943
2010/7/13,3919
2010/7/14,3911
2010/7/15,3907
2010/7/16,4057
2010/7/19,4103
2010/7/20,4162
2010/7/21,4179
2010/7/22,4174
2010/7/23,4216
2010/7/26,4217
2010/7/27,4176
2010/7/28,4189
2010/7/29,4215
2010/7/30,4254
2010/8/2,4333
2010/8/3,4315
2010/8/4,4302
2010/8/5,4314
2010/8/6,4303
2010/8/9,4361
2010/8/10,4365
2010/8/11,4383
2010/8/12,4319
2010/8/13,4314
2010/8/16,4345
2010/8/17,4367
2010/8/18,4375
2010/8/19,4362
2010/8/20,4328
2010/8/23,4272
2010/8/24,4256
2010/8/25,4228
2010/8/26,4248
2010/8/27,4259
2010/8/30,4310
2010/8/31,4324
2010/9/1,4348
2010/9/2,4383
2010/9/3,4374
2010/9/6,4545
2010/9/7,4567
2010/9/8,4543
2010/9/9,4471
2010/9/10,4473
2010/9/13,4499
2010/9/14,4447
2010/9/15,4419
2010/9/16,4387
2010/9/17,4368
2010/9/20,4388
2010/9/21,4331
2010/9/27,4281
2010/9/28,4260
2010/9/29,4250
2010/9/30,4229
2010/10/8,4275
2010/10/11,4347
2010/10/12,4312
2010/10/13,4315
2010/10/14,4486
2010/10/15,4460
2010/10/18,4527
2010/10/19,4503
2010/10/20,4421
2010/10/21,4437
2010/10/22,4419
2010/10/25,4479
2010/10/26,4494
2010/10/27,4507
2010/10/28,4508
2010/10/29,4495
2010/11/1,4541
2010/11/2,4545
2010/11/3,4568
2010/11/4,4582
2010/11/5,4699
2010/11/8,4700
2010/11/9,4814
2010/11/10,4815
2010/11/11,4805
2010/11/12,4657
2010/11/15,4652
2010/11/16,4659
2010/11/17,4544
2010/11/18,4594
2010/11/19,4632
2010/11/22,4649
2010/11/23,4612
2010/11/24,4640
2010/11/25,4711
2010/11/26,4656
2010/11/29,4660
2010/11/30,4632
2010/12/1,4658
2010/12/2,4697
2010/12/3,4719
2010/12/6,4718
2010/12/7,4744
2010/12/8,4737
2010/12/9,4727
2010/12/10,4715
2010/12/13,4768
2010/12/14,4774
2010/12/15,4783
2010/12/16,4772
2010/12/17,4784
2010/12/20,4800
2010/12/21,4817
2010/12/22,4804
2010/12/23,4778
2010/12/24,4760
2010/12/27,4748
2010/12/28,4745
2010/12/29,4754
2010/12/30,4773
2010/12/31,4803
2011/1/4,4823
2011/1/5,4807
2011/1/6,4816
2011/1/7,4799
2011/1/10,4835
2011/1/11,4835
2011/1/12,4850
2011/1/13,4855
2011/1/14,4891
2011/1/17,4915
2011/1/18,4909
2011/1/19,4926
2011/1/20,4921
2011/1/21,4929
2011/1/24,4966
2011/1/25,4966
2011/1/26,4945
2011/1/27,4920
2011/1/28,4935
2011/1/31,4982
2011/2/1,5005
2011/2/9,5129
2011/2/10,5173
2011/2/11,5200
2011/2/14,5163
2011/2/15,5176
2011/2/16,5107
2011/2/17,5046
2011/2/18,5012
2011/2/21,5006
2011/2/22,5010
2011/2/23,4951
2011/2/24,4916
2011/2/25,4884
2011/2/28,4897
2011/3/1,4856
2011/3/2,4829
2011/3/3,4839
2011/3/4,4796
2011/3/7,4820
2011/3/8,4802
2011/3/9,4775
2011/3/10,4709
2011/3/11,4673
2011/3/14,4692
2011/3/15,4743
2011/3/16,4792
2011/3/17,4821
2011/3/18,4791
2011/3/21,4696
2011/3/22,4657
2011/3/23,4696
2011/3/24,4723
2011/3/25,4723
2011/3/28,4770
2011/3/29,4796
2011/3/30,4804
2011/3/31,4795
2011/4/1,4776
2011/4/6,4841
2011/4/7,4871
2011/4/8,4892
2011/4/11,4914
2011/4/12,4896
2011/4/13,4886
2011/4/14,4914
2011/4/15,4848
2011/4/18,4829
2011/4/19,4791
2011/4/20,4806
2011/4/21,4856
2011/4/22,4858
2011/4/25,4875
2011/4/26,4881
2011/4/27,4898
2011/4/28,4913
2011/4/29,4893
2011/5/3,4950
2011/5/4,4936
2011/5/5,4906
2011/5/6,4825
2011/5/9,4814
2011/5/10,4834
2011/5/11,4845
2011/5/12,4789
2011/5/13,4830
2011/5/16,4835
2011/5/17,4814
2011/5/18,4825
2011/5/19,4830
2011/5/20,4824
2011/5/23,4798
2011/5/24,4796
2011/5/25,4818
2011/5/26,4830
2011/5/27,4828
2011/5/30,4870
2011/5/31,4873
2011/6/1,4874
2011/6/2,4850
2011/6/3,4865
2011/6/7,4854
2011/6/8,4862
2011/6/9,4859
2011/6/10,4856
2011/6/13,4811
2011/6/14,4809
2011/6/15,4810
2011/6/16,4782
2011/6/17,4747
2011/6/20,4704
2011/6/21,4698
2011/6/22,4701
2011/6/23,4718
2011/6/24,4731
2011/6/27,4719
2011/6/28,4705
2011/6/29,4719
2011/6/30,4744
2011/7/1,4733
2011/7/4,4776
2011/7/5,4795
2011/7/6,4801
2011/7/7,4807
2011/7/8,4816
2011/7/11,4838
2011/7/12,4853
2011/7/13,4881
2011/7/14,4877
2011/7/15,4868
2011/7/18,4908
2011/7/19,4903
2011/7/20,4924
2011/7/21,4914
2011/7/22,4925
2011/7/25,4900
2011/7/26,4891
2011/7/27,4915
2011/7/28,4913
2011/7/29,4933
2011/8/1,4967
2011/8/2,4976
2011/8/3,4990
2011/8/4,4981
2011/8/5,4834
2011/8/8,4783
2011/8/9,4710
2011/8/10,4788
2011/8/11,4784
2011/8/12,4815
2011/8/15,4841
2011/8/16,4846
2011/8/17,4848
2011/8/18,4845
2011/8/19,4806
2011/8/22,4826
2011/8/23,4823
2011/8/24,4831
2011/8/25,4812
2011/8/26,4803
2011/8/29,4775
2011/8/30,4801
2011/8/31,4827
2011/9/1,4831
2011/9/2,4820
2011/9/5,4812
2011/9/6,4791
2011/9/7,4818
2011/9/8,4820
2011/9/9,4797
2011/9/13,4781
2011/9/14,4769
2011/9/15,4752
2011/9/16,4737
2011/9/19,4651
2011/9/20,4603
2011/9/21,4625
2011/9/22,4581
2011/9/23,4498
2011/9/26,4449
2011/9/27,4455
2011/9/28,4426
2011/9/29,4314
2011/9/30,4316
2011/10/10,4337
2011/10/11,4352
2011/10/12,4313
2011/10/13,4319
2011/10/14,4312
2011/10/17,4243
2011/10/18,4130
2011/10/19,4074
2011/10/20,3908
2011/10/21,3948
2011/10/24,4026
2011/10/25,4058
2011/10/26,4017
2011/10/27,4047
2011/10/28,4102
2011/10/31,4118
2011/11/1,4090
2011/11/2,4011
2011/11/3,4019
2011/11/4,4086
2011/11/7,4112
2011/11/8,4128
2011/11/9,4158
2011/11/10,4061
2011/11/11,4121
2011/11/14,4191
2011/11/15,4163
2011/11/16,4160
2011/11/17,4159
2011/11/18,4146
2011/11/21,4094
2011/11/22,4071
2011/11/23,4073
2011/11/24,4038
2011/11/25,4047
2011/11/28,4079
2011/11/29,4115
2011/11/30,4104
2011/12/1,4181
2011/12/2,4153
2011/12/5,4166
2011/12/6,4143
2011/12/7,4170
2011/12/8,4166
2011/12/9,4165
2011/12/12,4164
2011/12/13,4146
2011/12/14,4149
2011/12/15,4123
2011/12/16,4159
2011/12/19,4167
2011/12/20,4173
2011/12/21,4186
2011/12/22,4187
2011/12/23,4215
2011/12/26,4230
2011/12/27,4234
2011/12/28,4230
2011/12/29,4220
2011/12/30,4201
2012/1/4,4196
2012/1/5,4172
2012/1/6,4181
2012/1/9,4177
2012/1/10,4194
2012/1/11,4221
2012/1/12,4221
2012/1/13,4222
2012/1/16,4230
2012/1/17,4281
2012/1/18,4303
2012/1/19,4309
2012/1/20,4315
2012/1/30,4330
2012/1/31,4291
2012/2/1,4290
2012/2/2,4305
2012/2/3,4322
2012/2/6,4335
2012/2/7,4302
2012/2/8,4308
2012/2/9,4315
2012/2/10,4294
2012/2/13,4258
2012/2/14,4255
2012/2/15,4219
2012/2/16,4171
2012/2/17,4173
2012/2/20,4177
2012/2/21,4201
2012/2/22,4239
2012/2/23,4239
2012/2/24,4228
2012/2/27,4271
2012/2/28,4280
2012/2/29,4288
2012/3/1,4290
2012/3/2,4295
2012/3/5,4272
2012/3/6,4271
2012/3/7,4246
2012/3/8,4278
2012/3/9,4313
2012/3/12,4328
2012/3/13,4340
2012/3/14,4334
2012/3/15,4327
2012/3/16,4333
2012/3/19,4335
2012/3/20,4339
2012/3/21,4343
2012/3/22,4356
2012/3/23,4343
2012/3/26,4354
2012/3/27,4365
2012/3/28,4353
2012/3/29,4323
2012/3/30,4324
2012/4/5,4333
2012/4/6,4368
2012/4/9,4386
2012/4/10,4384
2012/4/11,4371
2012/4/12,4391
2012/4/13,4383
2012/4/16,4346
2012/4/17,4331
2012/4/18,4335
2012/4/19,4320
2012/4/20,4314
2012/4/23,4293
2012/4/24,4274
2012/4/25,4263
2012/4/26,4281
2012/4/27,4282
2012/5/2,4264
2012/5/3,4241
2012/5/4,4248
2012/5/7,4225
2012/5/8,4220
2012/5/9,4185
2012/5/10,4187
2012/5/11,4165
2012/5/14,4152
2012/5/15,4086
2012/5/16,4071
2012/5/17,4073
2012/5/18,4070
2012/5/21,4086
2012/5/22,4084
2012/5/23,4021
2012/5/24,4013
2012/5/25,4026
2012/5/28,4067
2012/5/29,4092
2012/5/30,4097
2012/5/31,4097
2012/6/1,4098
2012/6/4,4040
2012/6/5,4074
2012/6/6,4096
2012/6/7,4114
2012/6/8,4112
2012/6/11,4127
2012/6/12,4092
2012/6/13,4104
2012/6/14,4106
2012/6/15,4119
2012/6/18,4130
2012/6/19,4126
2012/6/20,4143
2012/6/21,4128
2012/6/25,4107
2012/6/26,4087
2012/6/27,4067
2012/6/28,4075
2012/6/29,4065
2012/7/2,4052
2012/7/3,4068
2012/7/4,4080
2012/7/5,4088
2012/7/6,4087
2012/7/9,4054
2012/7/10,4019
2012/7/11,3923
2012/7/12,3916
2012/7/13,3925
2012/7/16,3906
2012/7/17,3862
2012/7/18,3863
2012/7/19,3836
2012/7/20,3782
2012/7/23,3695
2012/7/24,3699
2012/7/25,3713
2012/7/26,3714
2012/7/27,3743
2012/7/30,3757
2012/7/31,3771
2012/8/1,3731
2012/8/2,3677
2012/8/3,3666
2012/8/6,3673
2012/8/7,3679
2012/8/8,3676
2012/8/9,3680
2012/8/10,3712
2012/8/13,3711
2012/8/14,3671
2012/8/15,3666
2012/8/16,3664
2012/8/17,3632
2012/8/20,3612
2012/8/21,3590
2012/8/22,3583
2012/8/23,3541
2012/8/24,3516
2012/8/27,3512
2012/8/28,3474
2012/8/29,3400
2012/8/30,3421
2012/8/31,3416
2012/9/3,3369
2012/9/4,3303
2012/9/5,3252
2012/9/6,3244
2012/9/7,3346
2012/9/10,3452
2012/9/11,3461
2012/9/12,3466
2012/9/13,3458
2012/9/14,3552
2012/9/17,3542
2012/9/18,3570
2012/9/19,3607
2012/9/20,3550
2012/9/21,3469
2012/9/24,3502
2012/9/25,3558
2012/9/26,3536
2012/9/27,3550
2012/9/28,3575
2012/10/8,3647
2012/10/9,3663
2012/10/10,3677
2012/10/11,3643
2012/10/12,3647
2012/10/15,3594
2012/10/16,3589
2012/10/17,3627
2012/10/18,3649
2012/10/19,3634
2012/10/22,3657
2012/10/23,3703
2012/10/24,3674
2012/10/25,3668
2012/10/26,3677
2012/10/29,3648
2012/10/30,3625
2012/10/31,3611
2012/11/1,3662
2012/11/2,3673
2012/11/5,3643
2012/11/6,3638
2012/11/7,3638
2012/11/8,3621
2012/11/9,3651
2012/11/12,3649
2012/11/13,3652
2012/11/14,3640
2012/11/15,3649
2012/11/16,3647
2012/11/19,3571
2012/11/20,3552
2012/11/21,3564
2012/11/22,3556
2012/11/23,3566
2012/11/26,3557
2012/11/27,3537
2012/11/28,3531
2012/11/29,3498
2012/11/30,3479
2012/12/3,3538
2012/12/4,3551
2012/12/5,3602
2012/12/6,3610
2012/12/7,3629
2012/12/10,3682
2012/12/11,3672
2012/12/12,3683
2012/12/13,3682
2012/12/14,3743
2012/12/17,3803
2012/12/18,3814
2012/12/19,3810
2012/12/20,3789
2012/12/21,3793
2012/12/24,3783
2012/12/25,3846
2012/12/26,3872
2012/12/27,3898
2012/12/28,3894
2012/12/31,3958
2013/1/4,3990
2013/1/7,4015
2013/1/8,3998
2013/1/9,3990
2013/1/10,4012
2013/1/11,3966
2013/1/14,3972
2013/1/15,3988
2013/1/16,3935
2013/1/17,3925
2013/1/18,3970
2013/1/21,3990
2013/1/22,3968
2013/1/23,4006
2013/1/24,4036
2013/1/25,4060
2013/1/28,4069
2013/1/29,4061
2013/1/30,4109
2013/1/31,4114
2013/2/1,4136
2013/2/4,4201
2013/2/5,4171
2013/2/6,4118
2013/2/7,4105
2013/2/8,4128
2013/2/18,4208
2013/2/19,4191
2013/2/20,4180
2013/2/21,4095
2013/2/22,4067
2013/2/25,4026
2013/2/26,3994
2013/2/27,3982
2013/2/28,4032
2013/3/1,4006
2013/3/4,3926
2013/3/5,3921
2013/3/6,3941
2013/3/7,3934
2013/3/8,3927
2013/3/11,3906
2013/3/12,3897
2013/3/13,3854
2013/3/14,3774
2013/3/15,3832
2013/3/18,3830
2013/3/19,3832
2013/3/20,3859
2013/3/21,3903
2013/3/22,3892
2013/3/25,3907
2013/3/26,3893
2013/3/27,3898
2013/3/28,3850
2013/3/29,3813
2013/4/1,3747
2013/4/2,3738
2013/4/3,3790
2013/4/8,3806
2013/4/9,3844
2013/4/10,3841
2013/4/11,3860
2013/4/12,3830
2013/4/15,3758
2013/4/16,3720
2013/4/17,3720
2013/4/18,3643
2013/4/19,3669
2013/4/22,3671
2013/4/23,3616
2013/4/24,3617
2013/4/25,3646
2013/4/26,3636
2013/5/2,3546
2013/5/3,3579
2013/5/6,3625
2013/5/7,3627
2013/5/8,3646
2013/5/9,3631
2013/5/10,3616
2013/5/13,3654
2013/5/14,3639
2013/5/15,3595
2013/5/16,3555
2013/5/17,3578
2013/5/20,3619
2013/5/21,3595
2013/5/22,3593
2013/5/23,3567
2013/5/24,3570
2013/5/27,3515
2013/5/28,3491
2013/5/29,3474
2013/5/30,3439
2013/5/31,3431
2013/6/3,3459
2013/6/4,3473
2013/6/5,3477
2013/6/6,3434
2013/6/7,3409
2013/6/13,3423
2013/6/14,3411
2013/6/17,3483
2013/6/18,3483
2013/6/19,3498
2013/6/20,3483
2013/6/21,3493
2013/6/24,3468
2013/6/25,3442
2013/6/26,3435
2013/6/27,3459
2013/6/28,3481
2013/7/1,3481
2013/7/2,3499
2013/7/3,3592
2013/7/4,3617
2013/7/5,3625
2013/7/8,3595
2013/7/9,3606
2013/7/10,3614
2013/7/11,3659
2013/7/12,3655
2013/7/15,3675
2013/7/16,3670
2013/7/17,3686
2013/7/18,3671
2013/7/19,3696
2013/7/22,3676
2013/7/23,3685
2013/7/24,3693
2013/7/25,3691
2013/7/26,3671
2013/7/29,3641
2013/7/30,3639
2013/7/31,3641
2013/8/1,3649
2013/8/2,3668
2013/8/5,3682
2013/8/6,3682
2013/8/7,3704
2013/8/8,3736
2013/8/9,3739
2013/8/12,3781
2013/8/13,3822
2013/8/14,3828
2013/8/15,3823
2013/8/16,3813
2013/8/19,3814
2013/8/20,3811
2013/8/21,3797
2013/8/22,3777
2013/8/23,3803
2013/8/26,3822
2013/8/27,3802
2013/8/28,3806
2013/8/29,3757
2013/8/30,3754
2013/9/2,3782
2013/9/3,3764
2013/9/4,3743
2013/9/5,3735
2013/9/6,3720
2013/9/9,3751
2013/9/10,3736
2013/9/11,3726
2013/9/12,3719
2013/9/13,3676
2013/9/16,3649
2013/9/17,3646
2013/9/18,3631
2013/9/23,3637
2013/9/24,3642
2013/9/25,3625
2013/9/26,3616
2013/9/27,3586
2013/9/30,3588
2013/10/8,3563
2013/10/9,3599
2013/10/10,3596
2013/10/11,3607
2013/10/14,3612
2013/10/15,3613
2013/10/16,3582
2013/10/17,3570
2013/10/18,3561
2013/10/21,3566
2013/10/22,3562
2013/10/23,3554
2013/10/24,3525
2013/10/25,3510
2013/10/28,3489
2013/10/29,3484
2013/10/30,3500
2013/10/31,3637
2013/11/1,3665
2013/11/4,3673
2013/11/5,3670
2013/11/6,3655
2013/11/7,3668
2013/11/8,3671
2013/11/11,3656
2013/11/12,3669
2013/11/13,3663
2013/11/14,3629
2013/11/15,3614
2013/11/18,3595
2013/11/19,3604
2013/11/20,3637
2013/11/21,3623
2013/11/22,3621
2013/11/25,3628
2013/11/26,3657
2013/11/27,3654
2013/11/28,3667
2013/11/29,3670
2013/12/2,3686
2013/12/3,3697
2013/12/4,3718
2013/12/5,3704
2013/12/6,3690
2013/12/9,3717
2013/12/10,3719
2013/12/11,3716
2013/12/12,3734
2013/12/13,3689
2013/12/16,3679
2013/12/17,3676
2013/12/18,3653
2013/12/19,3657
2013/12/20,3650
2013/12/23,3615
2013/12/24,3623
2013/12/25,3611
2013/12/26,3598
2013/12/27,3609
2013/12/30,3602
2013/12/31,3575
2014/1/2,3582
2014/1/3,3550
2014/1/6,3526
2014/1/7,3480
2014/1/8,3463
2014/1/9,3472
2014/1/10,3471
2014/1/13,3469
2014/1/14,3481
2014/1/15,3493
2014/1/16,3490
2014/1/17,3463
2014/1/20,3461
2014/1/21,3421
2014/1/22,3420
2014/1/23,3438
2014/1/24,3467
2014/1/27,3467
2014/1/28,3445
2014/1/29,3439
2014/1/30,3447
2014/2/7,3418
2014/2/10,3405
2014/2/11,3407
2014/2/12,3392
2014/2/13,3398
2014/2/14,3408
2014/2/17,3438
2014/2/18,3439
2014/2/19,3436
2014/2/20,3404
2014/2/21,3393
2014/2/24,3336
2014/2/25,3320
2014/2/26,3314
2014/2/27,3329
2014/2/28,3321
2014/3/3,3313
2014/3/4,3407
2014/3/5,3415
2014/3/6,3404
2014/3/7,3356
2014/3/10,3245
2014/3/11,3219
2014/3/12,3223
2014/3/13,3265
2014/3/14,3248
2014/3/17,3245
2014/3/18,3249
2014/3/19,3240
2014/3/20,3254
2014/3/21,3229
2014/3/24,3206
2014/3/25,3264
2014/3/26,3271
2014/3/27,3272
2014/3/28,3289
2014/3/31,3326
2014/4/1,3326
2014/4/2,3328
2014/4/3,3328
2014/4/4,3352
2014/4/8,3405
2014/4/9,3402
2014/4/10,3385
2014/4/11,3366
2014/4/14,3369
2014/4/15,3353
2014/4/16,3337
2014/4/17,3331
2014/4/18,3270
2014/4/21,3249
2014/4/22,3232
2014/4/23,3242
2014/4/24,3275
2014/4/25,3279
2014/4/28,3230
2014/4/29,3244
2014/4/30,3231
2014/5/5,3224
2014/5/6,3232
2014/5/7,3216
2014/5/8,3186
2014/5/9,3172
2014/5/12,3177
2014/5/13,3180
2014/5/14,3169
2014/5/15,3152
2014/5/16,3097
2014/5/19,3085
2014/5/20,3074
2014/5/21,3071
2014/5/22,3096
2014/5/23,3083
2014/5/26,3126
2014/5/27,3139
2014/5/28,3120
2014/5/29,3116
2014/5/30,3069
2014/6/3,3052
2014/6/4,3061
2014/6/5,3053
2014/6/6,3071
2014/6/9,3068
2014/6/10,3061
2014/6/11,3058
2014/6/12,3034
2014/6/13,3032
2014/6/16,3013
2014/6/17,3009
2014/6/18,3014
2014/6/19,3014
2014/6/20,3026
2014/6/23,3064
2014/6/24,3057
2014/6/25,3073
2014/6/26,3100
2014/6/27,3106
2014/6/30,3078
2014/7/1,3071
2014/7/2,3078
2014/7/3,3096
2014/7/4,3101
2014/7/7,3090
2014/7/8,3097
2014/7/9,3103
2014/7/10,3120
2014/7/11,3121
2014/7/14,3143
2014/7/15,3144
2014/7/16,3141
2014/7/17,3129
2014/7/18,3086
2014/7/21,3052
2014/7/22,3050
2014/7/23,3038
2014/7/24,3042
2014/7/25,3042
2014/7/28,3065
2014/7/29,3096
2014/7/30,3079
2014/7/31,3073
2014/8/1,3063
2014/8/4,3084
2014/8/5,3107
2014/8/6,3106
2014/8/7,3115
2014/8/8,3088
2014/8/11,3084
2014/8/12,3061
2014/8/13,3053
2014/8/14,3032
2014/8/15,3024
2014/8/18,3018
2014/8/19,3013
2014/8/20,3001
2014/8/21,2986
2014/8/22,2990
2014/8/25,2969
2014/8/26,2974
2014/8/27,2977
2014/8/28,2947
2014/8/29,2937
2014/9/1,2924
2014/9/2,2911
2014/9/3,2875
2014/9/4,2849
2014/9/5,2837
2014/9/9,2798
2014/9/10,2773
2014/9/11,2764
2014/9/12,2771
2014/9/15,2817
2014/9/16,2804
2014/9/17,2793
2014/9/18,2776
2014/9/19,2729
2014/9/22,2649
2014/9/23,2620
2014/9/24,2624
2014/9/25,2583
2014/9/26,2589
2014/9/29,2542
2014/9/30,2546
2014/10/8,2532
2014/10/9,2535
2014/10/10,2562
2014/10/13,2643
2014/10/14,2644
2014/10/15,2652
2014/10/16,2642
2014/10/17,2648
2014/10/20,2607
2014/10/21,2610
2014/10/22,2563
2014/10/23,2538
2014/10/24,2541
2014/10/27,2550
2014/10/28,2545
2014/10/29,2563
2014/10/30,2595
2014/10/31,2577
2014/11/3,2562
2014/11/4,2550
2014/11/5,2546
2014/11/6,2525
2014/11/7,2530
2014/11/10,2560
2014/11/11,2550
2014/11/12,2555
2014/11/13,2531
2014/11/14,2523
2014/11/17,2519
2014/11/18,2462
2014/11/19,2445
2014/11/20,2447
2014/11/21,2436
2014/11/24,2456
2014/11/25,2436
2014/11/26,2442
2014/11/27,2488
2014/11/28,2542
2014/12/1,2525
2014/12/2,2520
2014/12/3,2518
2014/12/4,2563
2014/12/5,2562
2014/12/8,2572
2014/12/9,2529
2014/12/10,2556
2014/12/11,2575
2014/12/12,2578
2014/12/15,2582
2014/12/16,2544
2014/12/17,2540
2014/12/18,2538
2014/12/19,2559
2014/12/22,2529
2014/12/23,2477
2014/12/24,2483
2014/12/25,2484
2014/12/26,2481
2014/12/29,2508
2014/12/30,2582
2014/12/31,2593
2015/1/5,2556
2015/1/6,2612
2015/1/7,2586
2015/1/8,2580
2015/1/9,2564
2015/1/12,2537
2015/1/13,2503
2015/1/14,2487
2015/1/15,2495
2015/1/16,2512
2015/1/19,2501
2015/1/20,2502
2015/1/21,2493
2015/1/22,2481
2015/1/23,2483
2015/1/26,2462
2015/1/27,2457
2015/1/28,2465
2015/1/29,2495
2015/1/30,2500
2015/2/2,2496
2015/2/3,2488
2015/2/4,2484
2015/2/5,2480
2015/2/6,2487
2015/2/9,2480
2015/2/10,2486
2015/2/11,2485
2015/2/12,2483
2015/2/13,2506
2015/2/16,2532
2015/2/17,2515
2015/2/25,2489
2015/2/26,2496
2015/2/27,2487
2015/3/2,2456
2015/3/3,2466
2015/3/4,2461
2015/3/5,2443
2015/3/6,2433
2015/3/9,2484
2015/3/10,2471
2015/3/11,2464
2015/3/12,2487
2015/3/13,2500
2015/3/16,2503
2015/3/17,2514
2015/3/18,2498
2015/3/19,2486
2015/3/20,2487
2015/3/23,2519
2015/3/24,2552
2015/3/25,2526
2015/3/26,2500
2015/3/27,2455
2015/3/30,2469
2015/3/31,2445
2015/4/1,2406
2015/4/2,2367
2015/4/3,2353
2015/4/7,2324
2015/4/8,2308
2015/4/9,2302
2015/4/10,2280
2015/4/13,2292
2015/4/14,2321
2015/4/15,2315
2015/4/16,2312
2015/4/17,2319
2015/4/20,2297
2015/4/21,2280
2015/4/22,2308
2015/4/23,2322
2015/4/24,2365
2015/4/27,2389
2015/4/28,2406
2015/4/29,2373
2015/4/30,2360
2015/5/4,2400
2015/5/5,2421
2015/5/6,2431
2015/5/7,2414
2015/5/8,2404
2015/5/11,2419
2015/5/12,2403
2015/5/13,2391
2015/5/14,2363
2015/5/15,2361
2015/5/18,2361
2015/5/19,2346
2015/5/20,2320
2015/5/21,2332
2015/5/22,2342
2015/5/25,2340
2015/5/26,2364
2015/5/27,2355
2015/5/28,2359
2015/5/29,2349
2015/6/1,2365
2015/6/2,2371
2015/6/3,2363
2015/6/4,2346
2015/6/5,2341
2015/6/8,2333
2015/6/9,2344
2015/6/10,2340
2015/6/11,2349
2015/6/12,2321
2015/6/15,2293
2015/6/16,2266
2015/6/17,2231
2015/6/18,2238
2015/6/19,2251
2015/6/23,2234
2015/6/24,2239
2015/6/25,2227
2015/6/26,2221
2015/6/29,2206
2015/6/30,2131
2015/7/1,2130
2015/7/2,2114
2015/7/3,2134
2015/7/6,2065
2015/7/7,1991
2015/7/8,1939
2015/7/9,1975
2015/7/10,2033
2015/7/13,2013
2015/7/14,2018
2015/7/15,1997
2015/7/16,1984
2015/7/17,2001
2015/7/20,2092
2015/7/21,2101
2015/7/22,2053
2015/7/23,2038
2015/7/24,2048
2015/7/27,2076
2015/7/28,2074
2015/7/29,2098
2015/7/30,2097
2015/7/31,2092
2015/8/3,2099
2015/8/4,2085
2015/8/5,2093
2015/8/6,2081
2015/8/7,2061
2015/8/10,2050
2015/8/11,2061
2015/8/12,2061
2015/8/13,2089
2015/8/14,2085
2015/8/17,2074
2015/8/18,2058
2015/8/19,2037
2015/8/20,2033
2015/8/21,2032
2015/8/24,1969
2015/8/25,1941
2015/8/26,1953
2015/8/27,1958
2015/8/28,1981
2015/8/31,1960
2015/9/1,1958
2015/9/2,1957
2015/9/7,1925
2015/9/8,1929
2015/9/9,1963
2015/9/10,1953
2015/9/11,1956
2015/9/14,1935
2015/9/15,1923
2015/9/16,1926
2015/9/17,1935
2015/9/18,1926
2015/9/21,1908
2015/9/22,1895
2015/9/23,1891
2015/9/24,1895
2015/9/25,1898
2015/9/28,1871
2015/9/29,1839
2015/9/30,1826
2015/10/8,1833
2015/10/9,1844
2015/10/12,1854
2015/10/13,1831
2015/10/14,1833
2015/10/15,1835
2015/10/16,1828
2015/10/19,1821
2015/10/20,1804
2015/10/21,1800
2015/10/22,1808
2015/10/23,1796
2015/10/26,1801
2015/10/27,1806
2015/10/28,1792
2015/10/29,1793
2015/10/30,1787
2015/11/2,1788
2015/11/3,1779
2015/11/4,1777
2015/11/5,1779
2015/11/6,1787
2015/11/9,1799
2015/11/10,1798
2015/11/11,1785
2015/11/12,1767
2015/11/13,1761
2015/11/16,1758
2015/11/17,1752
2015/11/18,1740
2015/11/19,1709
2015/11/20,1702
2015/11/23,1670
2015/11/24,1663
2015/11/25,1676
2015/11/26,1691
2015/11/27,1668
2015/11/30,1637
2015/12/1,1630
2015/12/2,1657
2015/12/3,1649
2015/12/4,1643
2015/12/7,1661
2015/12/8,1655
2015/12/9,1658
2015/12/10,1652
2015/12/11,1651
2015/12/14,1659
2015/12/15,1670
2015/12/16,1663
2015/12/17,1683
2015/12/18,1696
2015/12/21,1737
2015/12/22,1739
2015/12/23,1718
2015/12/24,1727
2015/12/25,1729
2015/12/28,1733
2015/12/29,1765
2015/12/30,1787
2015/12/31,1789
2016/1/4,1797
2016/1/5,1778
2016/1/6,1776
2016/1/7,1776
2016/1/8,1761
2016/1/11,1762
2016/1/12,1750
2016/1/13,1743
2016/1/14,1745
2016/1/15,1774
2016/1/18,1807
2016/1/19,1827
2016/1/20,1826
2016/1/21,1813
2016/1/22,1829
2016/1/25,1841
2016/1/26,1840
2016/1/27,1858
2016/1/28,1841
2016/1/29,1815
2016/2/1,1831
2016/2/2,1812
2016/2/3,1819
2016/2/4,1842
2016/2/5,1842
2016/2/15,1860
2016/2/16,1871
2016/2/17,1864
2016/2/18,1861
2016/2/19,1881
2016/2/22,1934
2016/2/23,1941
2016/2/24,1926
2016/2/25,1941
2016/2/26,1916
2016/2/29,1939
2016/3/1,1982
2016/3/2,1996
2016/3/3,1983
2016/3/4,1975
2016/3/7,2032
2016/3/8,2147
2016/3/9,2097
2016/3/10,2147
2016/3/11,2108
2016/3/14,2024
2016/3/15,1983
2016/3/16,1993
2016/3/17,2047
2016/3/18,2119
2016/3/21,2145
2016/3/22,2161
2016/3/23,2195
2016/3/24,2144
2016/3/25,2143
2016/3/28,2183
2016/3/29,2148
2016/3/30,2119
2016/3/31,2122
2016/4/1,2167
2016/4/5,2180
2016/4/6,2184
2016/4/7,2187
2016/4/8,2189
2016/4/11,2263
2016/4/12,2312
2016/4/13,2366
2016/4/14,2350
2016/4/15,2318
2016/4/18,2353
2016/4/19,2446
2016/4/20,2561
2016/4/21,2708
2016/4/22,2652
2016/4/25,2655
2016/4/26,2596
2016/4/27,2519
2016/4/28,2507
2016/4/29,2567
2016/5/3,2470
2016/5/4,2407
2016/5/5,2356
2016/5/6,2314
2016/5/9,2257
2016/5/10,2124
2016/5/11,2152
2016/5/12,2128
2016/5/13,2037
2016/5/16,2053
2016/5/17,2076
2016/5/18,2092
2016/5/19,2047
2016/5/20,2054
2016/5/23,1983
2016/5/24,1941
2016/5/25,1941
2016/5/26,1940
2016/5/27,1987
2016/5/30,1994
2016/5/31,1999
2016/6/1,1961
2016/6/2,1959
2016/6/3,1980
2016/6/6,2031
2016/6/7,2074
2016/6/8,2080
2016/6/13,2154
2016/6/14,2125
2016/6/15,2075
2016/6/16,2086
2016/6/17,2054
2016/6/20,2074
2016/6/21,2085
2016/6/22,2115
2016/6/23,2145
2016/6/24,2140
2016/6/27,2210
2016/6/28,2265
2016/6/29,2250
2016/6/30,2295
2016/7/1,2344
2016/7/4,2412
2016/7/5,2385
2016/7/6,2371
2016/7/7,2401
2016/7/8,2402
2016/7/11,2422
2016/7/12,2491
2016/7/13,2550
2016/7/14,2511
2016/7/15,2513
2016/7/18,2439
2016/7/19,2315
2016/7/20,2306
2016/7/21,2353
2016/7/22,2343
2016/7/25,2331
2016/7/26,2339
2016/7/27,2405
2016/7/28,2462
2016/7/29,2444
2016/8/1,2466
2016/8/2,2500
2016/8/3,2495
2016/8/4,2461
2016/8/5,2505
2016/8/8,2570
2016/8/9,2591
2016/8/10,2586
2016/8/11,2572
2016/8/12,2574
2016/8/15,2551
2016/8/16,2629
2016/8/17,2629
2016/8/18,2542
2016/8/19,2539
2016/8/22,2572
2016/8/23,2585
2016/8/24,2596
2016/8/25,2563
2016/8/26,2541
2016/8/29,2476
2016/8/30,2453
2016/8/31,2422
2016/9/1,2388
2016/9/2,2426
2016/9/5,2438
2016/9/6,2430
2016/9/7,2371
2016/9/8,2338
2016/9/9,2324
2016/9/12,2307
2016/9/13,2272
2016/9/14,2260
2016/9/19,2235
2016/9/20,2263
2016/9/21,2259
2016/9/22,2292
2016/9/23,2298
2016/9/26,2323
2016/9/27,2282
2016/9/28,2272
2016/9/29,2306
2016/9/30,2264
2016/10/10,2247
2016/10/11,2309
2016/10/12,2335
2016/10/13,2348
2016/10/14,2378
2016/10/17,2427
2016/10/18,2421
2016/10/19,2472
2016/10/20,2472
2016/10/21,2465
2016/10/24,2469
2016/10/25,2547
2016/10/26,2546
2016/10/27,2528
2016/10/28,2545
2016/10/31,2582
2016/11/1,2607
2016/11/2,2629
2016/11/3,2646
2016/11/4,2726
2016/11/7,2799
2016/11/8,2864
2016/11/9,2943
2016/11/10,3021
2016/11/11,3043
2016/11/14,3041
2016/11/15,2930
2016/11/16,2789
2016/11/17,2785
2016/11/18,2783
2016/11/21,2736
2016/11/22,2826
2016/11/23,2914
2016/11/24,2948
2016/11/25,3044
2016/11/28,3281
2016/11/29,3226
2016/11/30,3040
2016/12/1,3087
2016/12/2,3131
2016/12/5,3147
2016/12/6,3218
2016/12/7,3337
2016/12/8,3363
2016/12/9,3325
2016/12/12,3436
2016/12/13,3466
2016/12/14,3412
2016/12/15,3368
2016/12/16,3363
2016/12/19,3252
2016/12/20,3157
2016/12/21,3158
2016/12/22,3110
2016/12/23,3012
2016/12/26,2927
2016/12/27,2931
2016/12/28,3015
2016/12/29,2951
2016/12/30,2911
2017/1/3,2914
2017/1/4,2892
2017/1/5,2953
2017/1/6,2943
2017/1/9,2960
2017/1/10,3095
2017/1/11,3173
2017/1/12,3212
2017/1/13,3207
2017/1/16,3318
2017/1/17,3326
2017/1/18,3287
2017/1/19,3262
2017/1/20,3251
2017/1/23,3174
2017/1/24,3263
2017/1/25,3287
2017/1/26,3339
2017/2/3,3174
2017/2/6,3097
2017/2/7,3129
2017/2/8,3198
2017/2/9,3239
2017/2/10,3292
2017/2/13,3399
2017/2/14,3419
2017/2/15,3412
2017/2/16,3421
2017/2/17,3451
2017/2/20,3517
2017/2/21,3589
2017/2/22,3546
2017/2/23,3512
2017/2/24,3449
2017/2/27,3573
2017/2/28,3564
2017/3/1,3516
2017/3/2,3558
2017/3/3,3499
2017/3/6,3511
2017/3/7,3477
2017/3/8,3459
2017/3/9,3390
2017/3/10,3404
2017/3/13,3461
2017/3/14,3585
2017/3/15,3629
2017/3/16,3621
2017/3/17,3588
2017/3/20,3599
2017/3/21,3524
2017/3/22,3448
2017/3/23,3151
2017/3/24,3151
2017/3/27,3061
2017/3/28,3072
2017/3/29,3124
2017/3/30,3154
2017/3/31,3166
2017/4/5,3238
2017/4/6,3196
2017/4/7,3058
2017/4/10,3021
2017/4/11,2998
2017/4/12,2931
2017/4/13,2925
2017/4/14,2951
2017/4/17,2932
2017/4/18,2868
2017/4/19,2839
2017/4/20,2842
2017/4/21,2920
2017/4/24,2894
2017/4/25,2930
2017/4/26,2981
2017/4/27,2985
2017/4/28,3066
2017/5/2,3133
2017/5/3,3123
2017/5/4,3007
2017/5/5,2931
2017/5/8,2987
2017/5/9,3001
2017/5/10,3056
2017/5/11,3030
2017/5/12,3000
2017/5/15,2981
2017/5/16,2983
2017/5/17,3066
2017/5/18,3120
2017/5/19,3186
2017/5/22,3325
2017/5/23,3320
2017/5/24,3258
2017/5/25,3254
2017/5/26,3212
2017/5/31,3181
2017/6/1,3094
2017/6/2,3057
2017/6/5,2989
2017/6/6,2941
2017/6/7,2965
2017/6/8,2972
2017/6/9,2992
2017/6/12,3030
2017/6/13,2995
2017/6/14,2998
2017/6/15,3080
2017/6/16,3113
2017/6/19,3137
2017/6/20,3119
2017/6/21,3060
2017/6/22,3087
2017/6/23,3062
2017/6/26,3115
2017/6/27,3173
2017/6/28,3258
2017/6/29,3291
2017/6/30,3306
2017/7/3,3373
2017/7/4,3393
2017/7/5,3422
2017/7/6,3392
2017/7/7,3387
2017/7/10,3439
2017/7/11,3522
2017/7/12,3582
2017/7/13,3607
2017/7/14,3578
2017/7/17,3614
2017/7/18,3615
2017/7/19,3646
2017/7/20,3582
2017/7/21,3506
2017/7/24,3507
2017/7/25,3540
2017/7/26,3591
2017/7/27,3553
2017/7/28,3565
2017/7/31,3663
2017/8/1,3716
2017/8/2,3719
2017/8/3,3746
2017/8/4,3833
2017/8/7,4021
2017/8/8,3917
2017/8/9,3928
2017/8/10,3969
2017/8/11,3907
2017/8/14,3835
2017/8/15,3746
2017/8/16,3730
2017/8/17,3795
2017/8/18,3823
2017/8/21,3913
2017/8/22,3935
2017/8/23,3795
2017/8/24,3827
2017/8/25,3926
2017/8/28,3881
2017/8/29,3900
2017/8/30,3856
2017/8/31,3851
2017/9/1,3993
2017/9/4,4098
2017/9/5,4088
2017/9/6,4055
2017/9/7,3982
2017/9/8,3961
2017/9/11,3901
2017/9/12,3923
2017/9/13,3948
2017/9/14,3880
2017/9/15,3820
2017/9/18,3787
2017/9/19,3789
2017/9/20,3746
2017/9/21,3723
2017/9/22,3598
2017/9/25,3583
2017/9/26,3616
2017/9/27,3644
2017/9/28,3641
2017/9/29,3603
2017/10/9,3733
2017/10/10,3601
2017/10/11,3567
2017/10/12,3579
2017/10/13,3718
2017/10/16,3813
2017/10/17,3773
2017/10/18,3733
2017/10/19,3620
2017/10/20,3679
2017/10/23,3694
2017/10/24,3730
2017/10/25,3739
2017/10/26,3665
2017/10/27,3619
2017/10/30,3591
2017/10/31,3597
2017/11/1,3615
2017/11/2,3622
2017/11/3,3631
2017/11/6,3687
2017/11/7,3715
2017/11/8,3705
2017/11/9,3786
2017/11/10,3770
2017/11/13,3781
2017/11/14,3801
2017/11/15,3739
2017/11/16,3695
2017/11/17,3657
2017/11/20,3665
2017/11/21,3732
2017/11/22,3794
2017/11/23,3829
2017/11/24,3796
2017/11/27,3845
2017/11/28,3858
2017/11/29,3899
2017/11/30,3997
2017/12/1,3977
2017/12/4,4039
2017/12/5,4051
2017/12/6,3956
2017/12/7,3877
2017/12/8,3851
2017/12/11,3917
2017/12/12,3925
2017/12/13,3848
2017/12/14,3819
2017/12/15,3806
2017/12/18,3856
2017/12/19,3823
2017/12/20,3801
2017/12/21,3843
2017/12/22,3908
2017/12/25,3860
2017/12/26,3807
2017/12/27,3809
2017/12/28,3765
2017/12/29,3794
2018/1/2,3842
2018/1/3,3845
2018/1/4,3811
2018/1/5,3791
2018/1/8,3772
2018/1/9,3824
2018/1/10,3833
2018/1/11,3850
2018/1/12,3807
2018/1/15,3784
2018/1/16,3814
2018/1/17,3816
2018/1/18,3843
2018/1/19,3883
2018/1/22,3939
2018/1/23,3905
2018/1/24,3924
2018/1/25,3958
2018/1/26,3948
2018/1/29,3945
2018/1/30,3923
2018/1/31,3918
2018/2/1,3941
2018/2/2,3949
2018/2/5,3946
2018/2/6,3960
2018/2/7,3944
2018/2/8,3931
2018/2/9,3911
2018/2/12,3906
2018/2/13,3918
2018/2/14,3934
2018/2/22,3881
2018/2/23,3898
2018/2/26,4000
2018/2/27,4014
2018/2/28,4019
2018/3/1,4036
2018/3/2,4009
2018/3/5,3980
2018/3/6,3954
2018/3/7,3939
2018/3/8,3853
2018/3/9,3738
2018/3/12,3719
2018/3/13,3712
2018/3/14,3707
2018/3/15,3748
2018/3/16,3737
2018/3/19,3675
2018/3/20,3637
2018/3/21,3646
2018/3/22,3623
2018/3/23,3460
2018/3/26,3364
2018/3/27,3413
2018/3/28,3236
2018/3/29,3248
2018/3/30,3323
2018/4/2,3381
2018/4/3,3356
2018/4/4,3343
2018/4/9,3362
2018/4/10,3419
2018/4/11,3421
2018/4/12,3397
2018/4/13,3422
2018/4/16,3403
2018/4/17,3389
2018/4/18,3447
2018/4/19,3493
2018/4/20,3475
2018/4/23,3510
2018/4/24,3564
2018/4/25,3569
2018/4/26,3565
2018/4/27,3574
2018/5/2,3677
2018/5/3,3695
2018/5/4,3663
2018/5/7,3654
2018/5/8,3651
2018/5/9,3596
2018/5/10,3593
2018/5/11,3650
2018/5/14,3672
2018/5/15,3677
2018/5/16,3674
2018/5/17,3674
2018/5/18,3655
2018/5/21,3614
2018/5/22,3582
2018/5/23,3541
2018/5/24,3548
2018/5/25,3584
2018/5/28,3584
2018/5/29,3611
2018/5/30,3642
2018/5/31,3671
2018/6/1,3739
2018/6/4,3732
2018/6/5,3705
2018/6/6,3751
2018/6/7,3819
2018/6/8,3801
2018/6/11,3786
2018/6/12,3823
2018/6/13,3863
2018/6/14,3882
2018/6/15,3882
2018/6/19,3797
2018/6/20,3788
2018/6/21,3808
2018/6/22,3763
2018/6/25,3741
2018/6/26,3688
2018/6/27,3688
2018/6/28,3737
2018/6/29,3783
2018/7/2,3777
2018/7/3,3748
2018/7/4,3784
2018/7/5,3774
2018/7/6,3770
2018/7/9,3790
2018/7/10,3861
2018/7/11,3870
2018/7/12,3937
2018/7/13,3974
2018/7/16,3961
2018/7/17,3926
2018/7/18,3940
2018/7/19,3984
2018/7/20,3979
2018/7/23,3997
2018/7/24,4002
2018/7/25,4004
2018/7/26,4002
2018/7/27,4068
2018/7/30,4124
2018/7/31,4156
2018/8/1,4188
2018/8/2,4121
2018/8/3,4168
2018/8/6,4172
2018/8/7,4238
2018/8/8,4240
2018/8/9,4216
2018/8/10,4232
2018/8/13,4279
2018/8/14,4341
2018/8/15,4344
2018/8/16,4324
2018/8/17,4225
2018/8/20,4345
2018/8/21,4370
2018/8/22,4356
2018/8/23,4313
2018/8/24,4294
2018/8/27,4261
2018/8/28,4222
2018/8/29,4224
2018/8/30,4131
2018/8/31,4096
2018/9/3,4086
2018/9/4,4108
2018/9/5,4087
2018/9/6,4123
2018/9/7,4210
2018/9/10,4254
2018/9/11,4163
2018/9/12,4061
2018/9/13,4053
2018/9/14,4075
2018/9/17,4110
2018/9/18,4131
2018/9/19,4174
2018/9/20,4143
2018/9/21,4136
2018/9/25,4090
2018/9/26,4055
2018/9/27,4054
2018/9/28,3942
2018/10/8,3941
2018/10/9,4012
2018/10/10,4043
2018/10/11,4022
2018/10/12,4085
2018/10/15,4131
2018/10/16,4137
2018/10/17,4156
2018/10/18,4153
2018/10/19,4093
2018/10/22,4134
2018/10/23,4154
2018/10/24,4157
2018/10/25,4180
2018/10/26,4219
2018/10/29,4191
2018/10/30,4179
2018/10/31,4135
2018/11/1,4099
2018/11/2,4050
2018/11/5,4037
2018/11/6,3997
2018/11/7,3939
2018/11/8,3940
2018/11/9,3967
2018/11/12,3869
2018/11/13,3867
2018/11/14,3897
2018/11/15,3901
2018/11/16,3911
2018/11/19,3852
2018/11/20,3800
2018/11/21,3682
2018/11/22,3720
2018/11/23,3693
2018/11/26,3586
2018/11/27,3589
2018/11/28,3275
2018/11/29,3313
2018/11/30,3269
2018/12/3,3330
2018/12/4,3328
2018/12/5,3408
2018/12/6,3412
2018/12/7,3372
2018/12/10,3342
2018/12/11,3306
2018/12/12,3349
2018/12/13,3389
2018/12/14,3427
2018/12/17,3437
2018/12/18,3418
2018/12/19,3431
2018/12/20,3455
2018/12/21,3503
2018/12/24,3465
2018/12/25,3401
2018/12/26,3409
2018/12/27,3422
2018/12/28,3400
2019/1/2,3389
2019/1/3,3420
2019/1/4,3459
2019/1/7,3498
2019/1/8,3503
2019/1/9,3524
2019/1/10,3524
2019/1/11,3518
2019/1/14,3553
2019/1/15,3534
2019/1/16,3526
2019/1/17,3551
2019/1/18,3596
2019/1/21,3646
2019/1/22,3666
2019/1/23,3643
2019/1/24,3660
2019/1/25,3712
2019/1/28,3711
2019/1/29,3673
2019/1/30,3721
2019/1/31,3696
2019/2/1,3735
2019/2/11,3856
2019/2/12,3796
2019/2/13,3738
2019/2/14,3690
2019/2/15,3635
2019/2/18,3645
2019/2/19,3673
2019/2/20,3619
2019/2/21,3672
2019/2/22,3709
2019/2/25,3725
2019/2/26,3708
2019/2/27,3727
2019/2/28,3733
2019/3/1,3777
2019/3/4,3821
2019/3/5,3782
2019/3/6,3778
2019/3/7,3774
2019/3/8,3783
2019/3/11,3727
2019/3/12,3781
2019/3/13,3817
2019/3/14,3794
2019/3/15,3765
2019/3/18,3776
2019/3/19,3794
2019/3/20,3782
2019/3/21,3797
2019/3/22,3761
2019/3/25,3731
2019/3/26,3700
2019/3/27,3709
2019/3/28,3704
2019/3/29,3727
2019/4/1,3479
2019/4/2,3530
2019/4/3,3573
2019/4/4,3582
2019/4/8,3687
2019/4/9,3758
2019/4/10,3754
2019/4/11,3773
2019/4/12,3777
2019/4/15,3821
2019/4/16,3802
2019/4/17,3781
2019/4/18,3739
2019/4/19,3713
2019/4/22,3783
2019/4/23,3777
2019/4/24,3733
2019/4/25,3744
2019/4/26,3733
2019/4/29,3760
2019/4/30,3811
2019/5/6,3758
2019/5/7,3785
2019/5/8,3742
2019/5/9,3726
2019/5/10,3736
2019/5/13,3721
2019/5/14,3672
2019/5/15,3676
2019/5/16,3723
2019/5/17,3772
2019/5/20,3775
2019/5/21,3845
2019/5/22,3905
2019/5/23,3899
2019/5/24,3863
2019/5/27,3876
2019/5/28,3844
2019/5/29,3818
2019/5/30,3806
2019/5/31,3769
2019/6/3,3734
2019/6/4,3721
2019/6/5,3743
2019/6/6,3713
2019/6/10,3703
2019/6/11,3783
2019/6/12,3805
2019/6/13,3774
2019/6/14,3785
2019/6/17,3722
2019/6/18,3710
2019/6/19,3762
2019/6/20,3800
2019/6/21,3816
2019/6/24,3908
2019/6/25,3964
2019/6/26,3985
2019/6/27,4035
2019/6/28,4044
2019/7/1,4108
2019/7/2,4063
2019/7/3,4042
2019/7/4,4033
2019/7/5,4014
2019/7/8,4002
2019/7/9,4048
2019/7/10,4025
2019/7/11,4004
2019/7/12,3992
2019/7/15,3964
2019/7/16,4039
2019/7/17,4035
2019/7/18,4014
2019/7/19,3970
2019/7/22,3963
2019/7/23,3949
2019/7/24,3901
2019/7/25,3918
2019/7/26,3950
2019/7/29,3907
2019/7/30,3895
2019/7/31,3907
2019/8/1,3878
2019/8/2,3805
2019/8/5,3778
2019/8/6,3744
2019/8/7,3711
2019/8/8,3714
2019/8/9,3618
2019/8/12,3600
2019/8/13,3674
2019/8/14,3695
2019/8/15,3700
2019/8/16,3714
2019/8/19,3729
2019/8/20,3726
2019/8/21,3667
2019/8/22,3406
2019/8/23,3437
2019/8/26,3407
2019/8/27,3326
2019/8/28,3286
2019/8/29,3304
2019/8/30,3318
2019/9/2,3369
2019/9/3,3398
2019/9/4,3415
2019/9/5,3450
2019/9/6,3420
2019/9/9,3447
2019/9/10,3485
2019/9/11,3476
2019/9/12,3502
2019/9/16,3553
2019/9/17,3540
2019/9/18,3513
2019/9/19,3447
2019/9/20,3388
2019/9/23,3454
2019/9/24,3516
2019/9/25,3495
2019/9/26,3474
2019/9/27,3434
2019/9/30,3485
2019/10/8,3427
2019/10/9,3411
2019/10/10,3412
2019/10/11,3397
2019/10/14,3403
2019/10/15,3339
2019/10/16,3323
2019/10/17,3304
2019/10/18,3293
2019/10/21,3296
2019/10/22,3304
2019/10/23,3323
2019/10/24,3304
2019/10/25,3320
2019/10/28,3341
2019/10/29,3339
2019/10/30,3351
2019/10/31,3374
2019/11/1,3364
2019/11/4,3375
2019/11/5,3398
2019/11/6,3444
2019/11/7,3440
2019/11/8,3412
2019/11/11,3368
2019/11/12,3409
2019/11/13,3442
2019/11/14,3476
2019/11/15,3535
2019/11/18,3553
2019/11/19,3590
2019/11/20,3660
2019/11/21,3643
2019/11/22,3642
2019/11/25,3683
2019/11/26,3641
2019/11/27,3605
2019/11/28,3587
2019/11/29,3618
2019/12/2,3607
2019/12/3,3619
2019/12/4,3608
2019/12/5,3429
2019/12/6,3417
2019/12/9,3492
2019/12/10,3513
2019/12/11,3528
2019/12/12,3533
2019/12/13,3524
2019/12/16,3512
2019/12/17,3478
2019/12/18,3483
2019/12/19,3498
2019/12/20,3515
2019/12/23,3534
2019/12/24,3522
2019/12/25,3504
2019/12/26,3501
2019/12/27,3537
2019/12/30,3543
2019/12/31,3558
2020/1/2,3563
2020/1/3,3552
2020/1/6,3549
2020/1/7,3569
2020/1/8,3602
2020/1/9,3587
2020/1/10,3568
2020/1/13,3549
2020/1/14,3546
2020/1/15,3556
2020/1/16,3558
2020/1/17,3586
2020/1/20,3602
2020/1/21,3574
2020/1/22,3536
2020/1/23,3515
2020/2/3,3259
2020/2/4,3285
2020/2/5,3300
2020/2/6,3295
2020/2/7,3309
2020/2/10,3303
2020/2/11,3393
2020/2/12,3404
2020/2/13,3399
2020/2/14,3385
2020/2/17,3413
2020/2/18,3409
2020/2/19,3389
2020/2/20,3440
2020/2/21,3470
2020/2/24,3483
2020/2/25,3461
2020/2/26,3464
2020/2/27,3426
2020/2/28,3354
2020/3/2,3399
2020/3/3,3437
2020/3/4,3449
2020/3/5,3475
2020/3/6,3449
2020/3/9,3400
2020/3/10,3464
2020/3/11,3506
2020/3/12,3504
2020/3/13,3511
2020/3/16,3562
2020/3/17,3546
2020/3/18,3560
2020/3/19,3461
2020/3/20,3395
2020/3/23,3288
2020/3/24,3314
2020/3/25,3364
2020/3/26,3351
2020/3/27,3342
2020/3/30,3256
2020/3/31,3245
2020/4/1,3182
2020/4/2,3165
2020/4/3,3203
2020/4/7,3215
2020/4/8,3227
2020/4/9,3293
2020/4/10,3330
2020/4/13,3388
2020/4/14,3393
2020/4/15,3380
2020/4/16,3380
2020/4/17,3400
2020/4/20,3379
2020/4/21,3326
2020/4/22,3339
2020/4/23,3356
2020/4/24,3334
2020/4/27,3330
2020/4/28,3303
2020/4/29,3297
2020/4/30,3343
2020/5/6,3388
2020/5/7,3422
2020/5/8,3457
2020/5/11,3452
2020/5/12,3455
2020/5/13,3463
2020/5/14,3457
2020/5/15,3453
2020/5/18,3512
2020/5/19,3557
2020/5/20,3539
2020/5/21,3548
2020/5/22,3547
2020/5/25,3510
2020/5/26,3502
2020/5/27,3485
2020/5/28,3492
2020/5/29,3533
2020/6/1,3580
2020/6/2,3608
2020/6/3,3640
2020/6/4,3646
2020/6/5,3603
2020/6/8,3628
2020/6/9,3603
2020/6/10,3602
2020/6/11,3593
2020/6/12,3597
2020/6/15,3601
2020/6/16,3592
2020/6/17,3594
2020/6/18,3604
2020/6/19,3629
2020/6/22,3636
2020/6/23,3614
2020/6/24,3615
2020/6/29,3569
2020/6/30,3568
2020/7/1,3561
2020/7/2,3569
2020/7/3,3603
2020/7/6,3615
2020/7/7,3636
2020/7/8,3678
2020/7/9,3720
2020/7/10,3703
2020/7/13,3735
2020/7/14,3735
2020/7/15,3739
2020/7/16,3719
2020/7/17,3711
2020/7/20,3719
2020/7/21,3733
2020/7/22,3789
2020/7/23,3787
2020/7/24,3769
2020/7/27,3752
2020/7/28,3741
2020/7/29,3748
2020/7/30,3765
2020/7/31,3758
2020/8/3,3811
2020/8/4,3843
2020/8/5,3828
2020/8/6,3855
2020/8/7,3844
2020/8/10,3821
2020/8/11,3827
2020/8/12,3794
2020/8/13,3787
2020/8/14,3786
2020/8/17,3821
2020/8/18,3838
2020/8/19,3824
2020/8/20,3772
2020/8/21,3780
2020/8/24,3790
2020/8/25,3797
2020/8/26,3708
2020/8/27,3725
2020/8/28,3717
2020/8/31,3762
2020/9/1,3774
2020/9/2,3771
2020/9/3,3795
2020/9/4,3758
2020/9/7,3751
2020/9/8,3741
2020/9/9,3699
2020/9/10,3660
2020/9/11,3647
2020/9/14,3661
2020/9/15,3640
2020/9/16,3587
2020/9/17,3580
2020/9/18,3596
2020/9/21,3553
2020/9/22,3536
2020/9/23,3531
2020/9/24,3547
2020/9/25,3537
2020/9/28,3531
2020/9/29,3520
2020/9/30,3553
2020/10/9,3612
2020/10/12,3637
2020/10/13,3628
2020/10/14,3622
2020/10/15,3604
2020/10/16,3613
2020/10/19,3627
2020/10/20,3618
2020/10/21,3632
2020/10/22,3653
2020/10/23,3651
2020/10/26,3613
2020/10/27,3616
2020/10/28,3643
2020/10/29,3662
2020/10/30,3687
2020/11/2,3708
2020/11/3,3716
2020/11/4,3736
2020/11/5,3754
2020/11/6,3773
2020/11/9,3838
2020/11/10,3848
2020/11/11,3841
2020/11/12,3840
2020/11/13,3833
2020/11/16,3836
2020/11/17,3889
2020/11/18,3906
2020/11/19,3935
2020/11/20,3955
2020/11/23,3945
2020/11/24,3913
2020/11/25,3881
2020/11/26,3878
2020/11/27,3928
2020/11/30,3919
2020/12/1,3892
2020/12/2,3914
2020/12/3,3895
2020/12/4,3881
2020/12/7,3943
2020/12/8,3928
2020/12/9,3946
2020/12/10,4041
2020/12/11,4108
2020/12/14,4026
2020/12/15,4020
2020/12/16,4104
2020/12/17,4163
2020/12/18,4248
2020/12/21,4379
2020/12/22,4465
2020/12/23,4308
2020/12/24,4306
2020/12/25,4274
2020/12/28,4300
2020/12/29,4243
2020/12/30,4247
2020/12/31,4306
2021/1/4,4346
2021/1/5,4391
2021/1/6,4381
2021/1/7,4411
2021/1/8,4473
2021/1/11,4404
2021/1/12,4304
2021/1/13,4292
2021/1/14,4281
2021/1/15,4368
2021/1/18,4373
2021/1/19,4329
2021/1/20,4295
2021/1/21,4320
2021/1/22,4332
2021/1/25,4299
2021/1/26,4325
2021/1/27,4349
2021/1/28,4327
2021/1/29,4270
2021/2/1,4248
2021/2/2,4184
2021/2/3,4165
2021/2/4,4216
2021/2/5,4258
2021/2/8,4320
2021/2/9,4370
2021/2/10,4386
2021/2/18,4511
2021/2/19,4532
2021/2/22,4584
2021/2/23,4581
2021/2/24,4571
2021/2/25,4673
2021/2/26,4671
2021/3/1,4647
2021/3/2,4662
2021/3/3,4844
2021/3/4,4848
2021/3/5,4718
2021/3/8,4779
2021/3/9,4712
2021/3/10,4597
2021/3/11,4594
2021/3/12,4757
2021/3/15,4723
2021/3/16,4735
2021/3/17,4738
2021/3/18,4781
2021/3/19,4769
2021/3/22,4800
2021/3/23,4716
2021/3/24,4733
2021/3/25,4802
2021/3/26,4847
2021/3/29,4971
2021/3/30,4967
2021/3/31,4956
2021/4/1,4973
2021/4/2,5076
2021/4/6,5172
2021/4/7,5127
2021/4/8,5108
2021/4/9,5086
2021/4/12,4998
2021/4/13,5062
2021/4/14,5131
2021/4/15,5123
2021/4/16,5131
2021/4/19,5105
2021/4/20,5114
2021/4/21,5158
2021/4/22,5212
2021/4/23,5248
2021/4/26,5382
2021/4/27,5396
2021/4/28,5348
2021/4/29,5413
2021/4/30,5418
2021/5/6,5614
2021/5/7,5672
2021/5/10,5819
2021/5/11,6041
2021/5/12,6093
2021/5/13,6000
2021/5/14,5761
2021/5/17,5620
2021/5/18,5621
2021/5/19,5444
2021/5/20,5150
2021/5/21,5158
2021/5/24,4953
2021/5/25,4966
2021/5/26,4806
2021/5/27,4740
2021/5/28,4907
2021/5/31,5030
2021/6/1,4977
2021/6/2,5061
2021/6/3,5090
2021/6/4,5175
2021/6/7,5093
2021/6/8,4970
2021/6/9,5033
2021/6/10,5130
2021/6/11,5245
2021/6/15,5165
2021/6/16,5088
2021/6/17,5053
2021/6/18,5104
2021/6/21,4991
2021/6/22,4864
2021/6/23,4901
2021/6/24,4976
2021/6/25,5021
2021/6/28,5061
2021/6/29,5103
2021/6/30,5107
2021/7/1,5156
2021/7/2,5115
2021/7/5,5153
2021/7/6,5263
2021/7/7,5340
2021/7/8,5410
2021/7/9,5356
2021/7/12,5465
2021/7/13,5425
2021/7/14,5498
2021/7/15,5546
2021/7/16,5525
2021/7/19,5612
2021/7/20,5546
2021/7/21,5587
2021/7/22,5549
2021/7/23,5662
2021/7/26,5687
2021/7/27,5675
2021/7/28,5643
2021/7/29,5681
2021/7/30,5732
2021/8/2,5497
2021/8/3,5323
2021/8/4,5359
2021/8/5,5431
2021/8/6,5378
2021/8/9,5333
2021/8/10,5379
2021/8/11,5556
2021/8/12,5531
2021/8/13,5442
2021/8/16,5390
2021/8/17,5342
2021/8/18,5219
2021/8/19,5017
2021/8/20,5024
2021/8/23,5113
2021/8/24,5191
2021/8/25,5240
2021/8/26,5217
2021/8/27,5148
2021/8/30,5291
2021/8/31,5334
2021/9/1,5262
2021/9/2,5283
2021/9/3,5381
2021/9/6,5427
2021/9/7,5504
2021/9/8,5439
2021/9/9,5567
2021/9/10,5675
2021/9/13,5690
2021/9/14,5598
2021/9/15,5495
2021/9/16,5604
2021/9/17,5495
2021/9/22,5532
2021/9/23,5627
2021/9/24,5511
2021/9/27,5504
2021/9/28,5597
2021/9/29,5641
2021/9/30,5649
2021/10/8,5765
2021/10/11,5808
2021/10/12,5688
2021/10/13,5474
2021/10/14,5461
2021/10/15,5488
2021/10/18,5424
2021/10/19,5461
2021/10/20,5409
2021/10/21,5243
2021/10/22,4907
2021/10/25,4889
2021/10/26,4863
2021/10/27,4773
2021/10/28,4609
2021/10/29,4690
2021/11/1,4598
2021/11/2,4388
2021/11/3,4331
2021/11/4,4272
2021/11/5,4202
2021/11/8,4286
2021/11/9,4297
2021/11/10,4136
2021/11/11,4349
2021/11/12,4335
2021/11/15,4191
2021/11/16,4193
2021/11/17,4171
2021/11/18,4195
2021/11/19,4204
2021/11/22,4319
2021/11/23,4361
2021/11/24,4433
2021/11/25,4484
2021/11/26,4184
2021/11/29,4128
2021/11/30,4141
2021/12/1,4232
2021/12/2,4296
2021/12/3,4331
2021/12/6,4393
2021/12/7,4439
2021/12/8,4424
2021/12/9,4333
2021/12/10,4307
2021/12/13,4346
2021/12/14,4394
2021/12/15,4421
2021/12/16,4477
2021/12/17,4521
2021/12/20,4537
2021/12/21,4480
2021/12/22,4454
2021/12/23,4450
2021/12/24,4513
2021/12/27,4386
2021/12/28,4327
2021/12/29,4307
2021/12/30,4320
2021/12/31,4301
2022/1/4,4353
2022/1/5,4422
2022/1/6,4471
2022/1/7,4488
2022/1/10,4499
2022/1/11,4527
2022/1/12,4601
2022/1/13,4665
2022/1/14,4648
2022/1/17,4587
2022/1/18,4575
2022/1/19,4698
2022/1/20,4706
2022/1/21,4717
2022/1/24,4712
2022/1/25,4677
2022/1/26,4688
2022/1/27,4696
2022/1/28,4764
2022/2/7,4837
2022/2/8,4905
2022/2/9,4881
2022/2/10,4906
2022/2/11,4986
2022/2/14,4862
2022/2/15,4744
2022/2/16,4780
2022/2/17,4744
2022/2/18,4730
2022/2/21,4788
2022/2/22,4820
2022/2/23,4775
2022/2/24,4704
2022/2/25,4603
2022/2/28,4662
2022/3/1,4776
2022/3/2,4850
2022/3/3,4886
2022/3/4,4881
2022/3/7,5014
2022/3/8,4981
2022/3/9,4944
2022/3/10,4872
2022/3/11,4894
2022/3/14,4792
2022/3/15,4751
2022/3/16,4818
2022/3/17,4904
2022/3/18,4924
2022/3/21,4926
2022/3/22,4932
2022/3/23,4926
2022/3/24,4976
2022/3/25,4979
2022/3/28,5031
2022/3/29,5022
2022/3/30,4979
2022/3/31,5061
2022/4/1,5109
2022/4/6,5133
2022/4/7,5090
2022/4/8,5025
2022/4/11,4927
2022/4/12,4955
2022/4/13,4973
2022/4/14,4983
2022/4/15,5040
2022/4/18,5033
2022/4/19,5066
2022/4/20,5094
2022/4/21,5085
2022/4/22,5015
2022/4/25,4863
2022/4/26,4817
2022/4/27,4866
2022/4/28,4831
2022/4/29,4863
2022/5/5,4914
2022/5/6,4834
2022/5/9,4679
2022/5/10,4590
2022/5/11,4658
2022/5/12,4656
2022/5/13,4615
2022/5/16,4645
2022/5/17,4666
2022/5/18,4597
2022/5/19,4521
2022/5/20,4611
2022/5/23,4636
2022/5/24,4552
2022/5/25,4497
2022/5/26,4475
2022/5/27,4561
2022/5/30,4615
2022/5/31,4656
2022/6/1,4694
2022/6/2,4733
2022/6/6,4774
2022/6/7,4749
2022/6/8,4760
2022/6/9,4793
2022/6/10,4786
2022/6/13,4716
2022/6/14,4661
2022/6/15,4594
2022/6/16,4548
2022/6/17,4413
2022/6/20,4187
2022/6/21,4187
2022/6/22,4170
2022/6/23,4177
2022/6/24,4226
2022/6/27,4244
2022/6/28,4295
2022/6/29,4370
2022/6/30,4375
2022/7/1,4315
2022/7/4,4214
2022/7/5,4198
2022/7/6,4180
2022/7/7,4228
2022/7/8,4220
2022/7/11,4084
2022/7/12,3997
2022/7/13,3892
2022/7/14,3868
2022/7/15,3704
2022/7/18,3710
2022/7/19,3814
2022/7/20,3805
2022/7/21,3811
2022/7/22,3827
2022/7/25,3875
2022/7/26,3851
2022/7/27,3885
2022/7/28,3971
2022/7/29,4014
2022/8/1,4084
2022/8/2,4064
2022/8/3,4097
2022/8/4,4030
2022/8/5,4022
2022/8/8,4102
2022/8/9,4113
2022/8/10,4081
2022/8/11,4080
2022/8/12,4127
2022/8/15,4157
2022/8/16,4138
2022/8/17,4087
2022/8/18,4030
2022/8/19,3998
2022/8/22,3986
2022/8/23,4025
2022/8/24,4064
2022/8/25,4081
2022/8/26,4078
2022/8/29,4023
2022/8/30,3917
2022/8/31,3680
2022/9/1,3686
2022/9/2,3622
2022/9/5,3665
2022/9/6,3692
2022/9/7,3687
2022/9/8,3715
2022/9/9,3756
2022/9/13,3790
2022/9/14,3737
2022/9/15,3747
2022/9/16,3696
2022/9/19,3714
2022/9/20,3690
2022/9/21,3656
2022/9/22,3718
2022/9/23,3768
2022/9/26,3751
2022/9/27,3812
2022/9/28,3831
2022/9/29,3834
2022/9/30,3823
2022/10/10,3866
2022/10/11,3819
2022/10/12,3742
2022/10/13,3746
2022/10/14,3739
2022/10/17,3694
2022/10/18,3666
2022/10/19,3662
2022/10/20,3622
2022/10/21,3634
2022/10/24,3637
2022/10/25,3583
2022/10/26,3589
2022/10/27,3591
2022/10/28,3517
2022/10/31,3441
2022/11/1,3442
2022/11/2,3478
2022/11/3,3493
2022/11/4,3536
2022/11/7,3551
2022/11/8,3536
2022/11/9,3586
2022/11/10,3548
2022/11/11,3603
2022/11/14,3659
2022/11/15,3666
2022/11/16,3729
2022/11/17,3704
2022/11/18,3715
2022/11/21,3668
2022/11/22,3687
2022/11/23,3676
2022/11/24,3711
2022/11/25,3691
2022/11/28,3735
2022/11/29,3776
2022/11/30,3745
2022/12/1,3761
2022/12/2,3773
2022/12/5,3831
2022/12/6,3803
2022/12/7,3810
2022/12/8,3815
2022/12/9,3909
2022/12/12,3948
2022/12/13,3930
2022/12/14,3953
2022/12/15,4031
2022/12/16,4067
2022/12/19,3966
2022/12/20,3931
2022/12/21,3978
2022/12/22,4000
2022/12/23,3979
2022/12/26,3985
2022/12/27,4039
2022/12/28,4045
2022/12/29,4032
2022/12/30,4087
2023/1/3,4044
2023/1/4,4045
2023/1/5,4001
2023/1/6,4070
2023/1/9,4100
2023/1/10,4109
2023/1/11,4136
2023/1/12,4126
2023/1/13,4154
2023/1/16,4112
2023/1/17,4102
2023/1/18,4155
2023/1/19,4180
2023/1/20,4176
2023/1/30,4234
2023/1/31,4181
2023/2/1,4123
2023/2/2,4088
2023/2/3,4031
2023/2/6,4037
2023/2/7,4016
2023/2/8,4022
2023/2/9,4076
2023/2/10,4058
2023/2/13,4031
2023/2/14,4006
2023/2/15,4061
2023/2/16,4111
2023/2/17,4162
2023/2/20,4167
2023/2/21,4232
2023/2/22,4245
2023/2/23,4261
2023/2/24,4218
2023/2/27,4201
2023/2/28,4170
2023/3/1,4198
2023/3/2,4219
2023/3/3,4249
2023/3/6,4213
2023/3/7,4238
2023/3/8,4251
2023/3/9,4256
2023/3/10,4328
2023/3/13,4351
2023/3/14,4372
2023/3/15,4359
2023/3/16,4255
2023/3/17,4234
2023/3/20,4233
2023/3/21,4188
2023/3/22,4154
2023/3/23,4125
2023/3/24,4085
2023/3/27,4105
2023/3/28,4121
