timestamp,fct_product
2013-10-18,0.037037037037037035
2013-10-21,0.030323361225110437
2013-10-22,0.024826668371690345
2013-10-23,0.020326356892371347
2013-10-24,0.01664181348582302
2013-10-25,0.03571428571428571
2013-10-28,0.02924038403849935
2013-10-29,0.023940001644129974
2013-10-30,0.019600415574786655
2013-10-31,0.016047463004186482
2013-11-01,0.034482758620689655
2013-11-04,0.02823209493372351
2013-11-05,0.02311448434605653
2013-11-06,0.01892453917565608
2013-11-07,0.015494102210938674
2013-11-08,0.03333333333333333
2013-11-11,0.027291025102599394
2013-11-12,0.02234400153452131
2013-11-13,0.018293721203134213
2013-11-14,0.014977632137240718
2013-11-15,0.0
2013-11-18,0.0
2013-11-19,0.0
2013-11-20,0.0
2013-11-21,0.0
2013-11-22,0.0
2013-11-25,0.0
2013-11-26,0.0
2013-11-27,0.0
2013-11-28,0.0
2013-11-29,0.0
2013-12-02,0.0
2013-12-03,0.0
2013-12-04,0.0
2013-12-05,0.0
2013-12-06,0.03225806451612903
2013-12-09,0.026410669454128444
2013-12-10,0.021623227291472237
2013-12-11,0.017703601164323433
2013-12-12,0.01449448271345876
2013-12-13,-0.03125
2013-12-16,-0.025585336033686932
2013-12-17,-0.02094750143861373
2013-12-18,-0.017150363627938325
2013-12-19,-0.014041530128663174
2013-12-20,-0.03225806451612903
2013-12-23,-0.026410669454128444
2013-12-24,-0.021623227291472237
2013-12-25,-0.017703601164323433
2013-12-26,-0.01449448271345876
2013-12-27,0.13333333333333333
2013-12-30,0.10916410041039758
2013-12-31,0.08937600613808525
2014-01-02,0.07317488481253685
2014-01-03,-0.029411764705882353
2014-01-06,-0.024080316266999465
2014-01-07,-0.01971529547163645
2014-01-08,-0.016141518708647835
2014-01-09,-0.013215557768153575
2014-01-10,-0.030303030303030304
2014-01-13,-0.024810022820544904
2014-01-14,-0.02031272866774665
2014-01-15,-0.01663065563921292
2014-01-16,-0.013616029215673382
2014-01-17,-0.03125
2014-01-20,-0.025585336033686932
2014-01-21,-0.02094750143861373
2014-01-22,-0.017150363627938325
2014-01-23,-0.014041530128663174
2014-01-24,0.12903225806451613
2014-01-27,0.10564267781651378
2014-01-28,0.08649290916588895
2014-01-29,0.07081440465729373
2014-01-30,0.05797793085383504
2014-02-07,0.04746831498986353
2014-02-10,0.03886376927899381
2014-02-11,0.03181896308923954
2014-02-12,0.026051163612213598
2014-02-13,0.02132888880278536
2014-02-14,-0.14285714285714285
2014-02-17,-0.1169615361539974
2014-02-18,-0.0957600065765199
2014-02-19,-0.07840166229914662
2014-02-20,-0.06418985201674593
2014-02-21,-0.03333333333333333
2014-02-24,-0.027291025102599394
2014-02-25,-0.02234400153452131
2014-02-26,-0.018293721203134213
2014-02-27,-0.014977632137240718
2014-02-28,0.034482758620689655
2014-03-03,0.02823209493372351
2014-03-04,0.02311448434605653
2014-03-05,0.01892453917565608
2014-03-06,0.015494102210938674
2014-03-07,0.06666666666666667
2014-03-10,0.05458205020519879
2014-03-11,0.04468800306904262
2014-03-12,0.036587442406268426
2014-03-13,0.029955264274481436
2014-03-14,0.0625
2014-03-17,0.051170672067373864
2014-03-18,0.04189500287722746
2014-03-19,0.03430072725587665
2014-03-20,0.028083060257326348
2014-03-21,-0.029411764705882353
2014-03-24,-0.024080316266999465
2014-03-25,-0.01971529547163645
2014-03-26,-0.016141518708647835
2014-03-27,-0.013215557768153575
2014-03-28,0.030303030303030304
2014-03-31,0.024810022820544904
2014-04-01,0.02031272866774665
2014-04-02,0.01663065563921292
2014-04-03,0.013616029215673382
2014-04-04,0.029411764705882353
2014-04-08,0.024080316266999465
2014-04-09,0.01971529547163645
2014-04-10,0.016141518708647835
2014-04-11,-0.02857142857142857
2014-04-14,-0.02339230723079948
2014-04-15,-0.01915200131530398
2014-04-16,-0.015680332459829326
2014-04-17,-0.012837970403349186
2014-04-18,0.0
2014-04-21,0.0
2014-04-22,0.0
2014-04-23,0.0
2014-04-24,0.0
2014-04-25,0.029411764705882353
2014-04-28,0.024080316266999465
2014-04-29,0.01971529547163645
2014-04-30,0.016141518708647835
2014-05-05,0.013215557768153575
2014-05-06,0.01081998356386595
2014-05-07,0.008858653291535354
2014-05-08,0.007252851880635483
2014-05-09,0.02857142857142857
2014-05-12,0.02339230723079948
2014-05-13,0.01915200131530398
2014-05-14,0.015680332459829326
2014-05-15,0.012837970403349186
2014-05-16,-0.05555555555555555
2014-05-19,-0.045485041837665656
2014-05-20,-0.03724000255753552
2014-05-21,-0.03048953533855702
2014-05-22,-0.02496272022873453
2014-05-23,-0.058823529411764705
2014-05-26,-0.04816063253399893
2014-05-27,-0.0394305909432729
2014-05-28,-0.03228303741729567
2014-05-29,-0.02643111553630715
2014-05-30,-0.03125
2014-06-03,-0.025585336033686932
2014-06-04,-0.02094750143861373
2014-06-05,-0.017150363627938325
2014-06-06,0.03225806451612903
2014-06-09,0.026410669454128444
2014-06-10,0.021623227291472237
2014-06-11,0.017703601164323433
2014-06-12,0.01449448271345876
2014-06-13,0.03125
2014-06-16,0.025585336033686932
2014-06-17,0.02094750143861373
2014-06-18,0.017150363627938325
2014-06-19,0.014041530128663174
2014-06-20,-0.030303030303030304
2014-06-23,-0.024810022820544904
2014-06-24,-0.02031272866774665
2014-06-25,-0.01663065563921292
2014-06-26,-0.013616029215673382
2014-06-27,-0.0625
2014-06-30,-0.051170672067373864
2014-07-01,-0.04189500287722746
2014-07-02,-0.03430072725587665
2014-07-03,-0.028083060257326348
2014-07-04,0.03333333333333333
2014-07-07,0.027291025102599394
2014-07-08,0.02234400153452131
2014-07-09,0.018293721203134213
2014-07-10,0.014977632137240718
2014-07-11,0.03225806451612903
2014-07-14,0.026410669454128444
2014-07-15,0.021623227291472237
2014-07-16,0.017703601164323433
2014-07-17,0.01449448271345876
2014-07-18,0.03125
2014-07-21,0.025585336033686932
2014-07-22,0.02094750143861373
2014-07-23,0.017150363627938325
2014-07-24,0.014041530128663174
2014-07-25,-0.030303030303030304
2014-07-28,-0.024810022820544904
2014-07-29,-0.02031272866774665
2014-07-30,-0.01663065563921292
2014-07-31,-0.013616029215673382
2014-08-01,0.0
2014-08-04,0.0
2014-08-05,0.0
2014-08-06,0.0
2014-08-07,0.0
2014-08-08,-0.03125
2014-08-11,-0.025585336033686932
2014-08-12,-0.02094750143861373
2014-08-13,-0.017150363627938325
2014-08-14,-0.014041530128663174
2014-08-15,0.0
2014-08-18,0.0
2014-08-19,0.0
2014-08-20,0.0
2014-08-21,0.0
2014-08-22,0.0
2014-08-25,0.0
2014-08-26,0.0
2014-08-27,0.0
2014-08-28,0.0
2014-08-29,-0.03225806451612903
2014-09-01,-0.026410669454128444
2014-09-02,-0.021623227291472237
2014-09-03,-0.017703601164323433
2014-09-04,-0.01449448271345876
2014-09-05,-0.06666666666666667
2014-09-09,-0.05458205020519879
2014-09-10,-0.04468800306904262
2014-09-11,-0.036587442406268426
2014-09-12,-0.03571428571428571
2014-09-15,-0.02924038403849935
2014-09-16,-0.023940001644129974
2014-09-17,-0.019600415574786655
2014-09-18,-0.016047463004186482
2014-09-19,0.037037037037037035
2014-09-22,0.030323361225110437
2014-09-23,0.024826668371690345
2014-09-24,0.020326356892371347
2014-09-25,0.01664181348582302
2014-09-26,0.0
2014-09-29,0.0
2014-09-30,0.0
2014-10-08,0.0
2014-10-09,0.0
2014-10-10,0.07142857142857142
2014-10-13,0.0584807680769987
2014-10-14,0.04788000328825995
2014-10-15,0.03920083114957331
2014-10-16,0.032094926008372965
2014-10-17,0.03333333333333333
2014-10-20,0.027291025102599394
2014-10-21,0.02234400153452131
2014-10-22,0.018293721203134213
2014-10-23,0.014977632137240718
2014-10-24,0.0
2014-10-27,0.0
2014-10-28,0.0
2014-10-29,0.0
2014-10-30,0.0
2014-10-31,0.0
2014-11-03,0.0
2014-11-04,0.0
2014-11-05,0.0
2014-11-06,0.0
2014-11-07,-0.03225806451612903
2014-11-10,-0.026410669454128444
2014-11-11,-0.021623227291472237
2014-11-12,-0.017703601164323433
2014-11-13,-0.01449448271345876
2014-11-14,0.03333333333333333
2014-11-17,0.027291025102599394
2014-11-18,0.02234400153452131
2014-11-19,0.018293721203134213
2014-11-20,0.014977632137240718
2014-11-21,-0.03225806451612903
2014-11-24,-0.026410669454128444
2014-11-25,-0.021623227291472237
2014-11-26,-0.017703601164323433
2014-11-27,-0.01449448271345876
2014-11-28,0.06666666666666667
2014-12-01,0.05458205020519879
2014-12-02,0.04468800306904262
2014-12-03,0.036587442406268426
2014-12-04,0.029955264274481436
2014-12-05,-0.0625
2014-12-08,-0.051170672067373864
2014-12-09,-0.04189500287722746
2014-12-10,-0.03430072725587665
2014-12-11,-0.028083060257326348
2014-12-12,-0.06666666666666667
2014-12-15,-0.05458205020519879
2014-12-16,-0.04468800306904262
2014-12-17,-0.036587442406268426
2014-12-18,-0.029955264274481436
2014-12-19,-0.03571428571428571
2014-12-22,-0.02924038403849935
2014-12-23,-0.023940001644129974
2014-12-24,-0.019600415574786655
2014-12-25,-0.016047463004186482
2014-12-26,0.0
2014-12-29,0.0
2014-12-30,0.0
2014-12-31,0.0
2015-01-05,0.0
2015-01-06,0.0
2015-01-07,0.0
2015-01-08,0.0
2015-01-09,0.037037037037037035
2015-01-12,0.030323361225110437
2015-01-13,0.024826668371690345
2015-01-14,0.020326356892371347
2015-01-15,0.01664181348582302
2015-01-16,-0.07142857142857142
2015-01-19,-0.0584807680769987
2015-01-20,-0.04788000328825995
2015-01-21,-0.03920083114957331
2015-01-22,-0.032094926008372965
2015-01-23,-0.038461538461538464
2015-01-26,-0.03148964434915315
2015-01-27,-0.025781540232139976
2015-01-28,-0.021108139849770245
2015-01-29,-0.017281883235277753
2015-01-30,0.0
2015-02-02,0.0
2015-02-03,0.0
2015-02-04,0.0
2015-02-05,0.0
2015-02-06,0.0
2015-02-09,0.0
2015-02-10,0.0
2015-02-11,0.0
2015-02-12,0.0
2015-02-13,0.12
2015-02-16,0.09824769036935782
2015-02-17,0.08043840552427671
2015-02-25,0.06585739633128317
2015-02-26,0.05391947569406658
2015-02-27,0.04414553294057308
2015-03-02,-0.14285714285714285
2015-03-03,-0.1169615361539974
2015-03-04,-0.0957600065765199
2015-03-05,-0.07840166229914662
2015-03-06,0.08333333333333333
2015-03-09,0.06822756275649848
2015-03-10,0.055860003836303275
2015-03-11,0.04573430300783553
2015-03-12,0.037444080343101795
2015-03-13,0.038461538461538464
2015-03-16,0.03148964434915315
2015-03-17,0.025781540232139976
2015-03-18,0.021108139849770245
2015-03-19,0.017281883235277753
2015-03-20,0.037037037037037035
2015-03-23,0.030323361225110437
2015-03-24,0.024826668371690345
2015-03-25,0.020326356892371347
2015-03-26,0.01664181348582302
2015-03-27,0.0
2015-03-30,0.0
2015-03-31,0.0
2015-04-01,0.0
2015-04-02,0.0
2015-04-03,-0.07142857142857142
2015-04-07,-0.0584807680769987
2015-04-08,-0.04788000328825995
2015-04-09,-0.03920083114957331
2015-04-10,-0.038461538461538464
2015-04-13,-0.03148964434915315
2015-04-14,-0.025781540232139976
2015-04-15,-0.021108139849770245
2015-04-16,-0.017281883235277753
2015-04-17,-0.04
2015-04-20,-0.032749230123119276
2015-04-21,-0.026812801841425572
2015-04-22,-0.021952465443761057
2015-04-23,-0.017973158564688865
2015-04-24,0.0
2015-04-27,0.0
2015-04-28,0.0
2015-04-29,0.0
2015-04-30,-0.041666666666666664
2015-05-04,-0.03411378137824924
2015-05-05,-0.027930001918151637
2015-05-06,-0.022867151503917764
2015-05-07,-0.018722040171550897
2015-05-08,0.043478260869565216
2015-05-11,0.03559698926426008
2015-05-12,0.02914434982763649
2015-05-13,0.023861375482348974
2015-05-14,0.019536041918140068
2015-05-15,0.08333333333333333
2015-05-18,0.06822756275649848
2015-05-19,0.055860003836303275
2015-05-20,0.04573430300783553
2015-05-21,0.037444080343101795
2015-05-22,0.038461538461538464
2015-05-25,0.03148964434915315
2015-05-26,0.025781540232139976
2015-05-27,0.021108139849770245
2015-05-28,0.017281883235277753
2015-05-29,0.037037037037037035
2015-06-01,0.030323361225110437
2015-06-02,0.024826668371690345
2015-06-03,0.020326356892371347
2015-06-04,0.01664181348582302
2015-06-05,0.0
2015-06-08,0.0
2015-06-09,0.0
2015-06-10,0.0
2015-06-11,0.0
2015-06-12,-0.03571428571428571
2015-06-15,-0.02924038403849935
2015-06-16,-0.023940001644129974
2015-06-17,-0.019600415574786655
2015-06-18,-0.016047463004186482
2015-06-19,-0.037037037037037035
2015-06-23,-0.030323361225110437
2015-06-24,-0.024826668371690345
2015-06-25,-0.020326356892371347
2015-06-26,-0.038461538461538464
2015-06-29,-0.03148964434915315
2015-06-30,-0.025781540232139976
2015-07-01,-0.021108139849770245
2015-07-02,-0.017281883235277753
2015-07-03,-0.04
2015-07-06,-0.032749230123119276
2015-07-07,-0.026812801841425572
2015-07-08,-0.021952465443761057
2015-07-09,-0.017973158564688865
2015-07-10,-0.041666666666666664
2015-07-13,-0.03411378137824924
2015-07-14,-0.027930001918151637
2015-07-15,-0.022867151503917764
2015-07-16,-0.018722040171550897
2015-07-17,-0.043478260869565216
2015-07-20,-0.03559698926426008
2015-07-21,-0.02914434982763649
2015-07-22,-0.023861375482348974
2015-07-23,-0.019536041918140068
2015-07-24,-0.045454545454545456
2015-07-27,-0.03721503423081736
2015-07-28,-0.03046909300161997
2015-07-29,-0.024945983458819383
2015-07-30,-0.020424043823510072
2015-07-31,0.0
2015-08-03,0.0
2015-08-04,0.0
2015-08-05,0.0
2015-08-06,0.0
2015-08-07,0.047619047619047616
2015-08-10,0.03898717871799913
2015-08-11,0.0319200021921733
2015-08-12,0.026133887433048873
2015-08-13,0.021396617338915312
2015-08-14,-0.045454545454545456
2015-08-17,-0.03721503423081736
2015-08-18,-0.03046909300161997
2015-08-19,-0.024945983458819383
2015-08-20,-0.020424043823510072
2015-08-21,0.047619047619047616
2015-08-24,0.03898717871799913
2015-08-25,0.0319200021921733
2015-08-26,0.026133887433048873
2015-08-27,0.021396617338915312
2015-08-28,0.0
2015-08-31,0.0
2015-09-01,0.0
2015-09-02,0.0
2015-09-07,0.0
2015-09-08,0.0
2015-09-09,0.0
2015-09-10,0.0
2015-09-11,0.09090909090909091
2015-09-14,0.07443006846163472
2015-09-15,0.06093818600323994
2015-09-16,0.049891966917638766
2015-09-17,0.040848087647020144
2015-09-18,0.041666666666666664
2015-09-21,0.03411378137824924
2015-09-22,0.027930001918151637
2015-09-23,0.022867151503917764
2015-09-24,0.018722040171550897
2015-09-25,0.0
2015-09-28,0.0
2015-09-29,0.0
2015-09-30,0.0
2015-10-08,0.0
2015-10-09,-0.12
2015-10-12,-0.09824769036935782
2015-10-13,-0.08043840552427671
2015-10-14,-0.06585739633128317
2015-10-15,-0.05391947569406658
2015-10-16,0.09090909090909091
2015-10-19,0.07443006846163472
2015-10-20,0.06093818600323994
2015-10-21,0.049891966917638766
2015-10-22,0.040848087647020144
2015-10-23,-0.041666666666666664
2015-10-26,-0.03411378137824924
2015-10-27,-0.027930001918151637
2015-10-28,-0.022867151503917764
2015-10-29,-0.018722040171550897
2015-10-30,0.0
2015-11-02,0.0
2015-11-03,0.0
2015-11-04,0.0
2015-11-05,0.0
2015-11-06,0.043478260869565216
2015-11-09,0.03559698926426008
2015-11-10,0.02914434982763649
2015-11-11,0.023861375482348974
2015-11-12,0.019536041918140068
2015-11-13,-0.041666666666666664
2015-11-16,-0.03411378137824924
2015-11-17,-0.027930001918151637
2015-11-18,-0.022867151503917764
2015-11-19,-0.018722040171550897
2015-11-20,-0.043478260869565216
2015-11-23,-0.03559698926426008
2015-11-24,-0.02914434982763649
2015-11-25,-0.023861375482348974
2015-11-26,-0.019536041918140068
2015-11-27,-0.045454545454545456
2015-11-30,-0.03721503423081736
2015-12-01,-0.03046909300161997
2015-12-02,-0.024945983458819383
2015-12-03,-0.020424043823510072
2015-12-04,-0.047619047619047616
2015-12-07,-0.03898717871799913
2015-12-08,-0.0319200021921733
2015-12-09,-0.026133887433048873
2015-12-10,-0.021396617338915312
2015-12-11,0.05
2015-12-14,0.0409365376538991
2015-12-15,0.03351600230178197
2015-12-16,0.02744058180470132
2015-12-17,0.022466448205861078
2015-12-18,0.047619047619047616
2015-12-21,0.03898717871799913
2015-12-22,0.0319200021921733
2015-12-23,0.026133887433048873
2015-12-24,0.021396617338915312
2015-12-25,0.0
2015-12-28,0.0
2015-12-29,0.0
2015-12-30,0.0
2015-12-31,0.0
2016-01-04,0.0
2016-01-05,0.0
2016-01-06,0.0
2016-01-07,0.0
2016-01-08,0.045454545454545456
2016-01-11,0.03721503423081736
2016-01-12,0.03046909300161997
2016-01-13,0.024945983458819383
2016-01-14,0.020424043823510072
2016-01-15,0.043478260869565216
2016-01-18,0.03559698926426008
2016-01-19,0.02914434982763649
2016-01-20,0.023861375482348974
2016-01-21,0.019536041918140068
2016-01-22,0.041666666666666664
2016-01-25,0.03411378137824924
2016-01-26,0.027930001918151637
2016-01-27,0.022867151503917764
2016-01-28,0.018722040171550897
2016-01-29,0.04
2016-02-01,0.032749230123119276
2016-02-02,0.026812801841425572
2016-02-03,0.021952465443761057
2016-02-04,0.017973158564688865
2016-02-05,0.014715177646857694
2016-02-15,0.012047768476488082
2016-02-16,0.009863878557664258
2016-02-17,0.008075860719786216
2016-02-18,0.006611955528863462
2016-02-19,-0.15384615384615385
2016-02-22,-0.1259585773966126
2016-02-23,-0.1031261609285599
2016-02-24,-0.08443255939908098
2016-02-25,-0.06912753294111101
2016-02-26,0.09090909090909091
2016-02-29,0.07443006846163472
2016-03-01,0.06093818600323994
2016-03-02,0.049891966917638766
2016-03-03,0.040848087647020144
2016-03-04,0.041666666666666664
2016-03-07,0.03411378137824924
2016-03-08,0.027930001918151637
2016-03-09,0.022867151503917764
2016-03-10,0.018722040171550897
2016-03-11,-0.04
2016-03-14,-0.032749230123119276
2016-03-15,-0.026812801841425572
2016-03-16,-0.021952465443761057
2016-03-17,-0.017973158564688865
2016-03-18,-0.041666666666666664
2016-03-21,-0.03411378137824924
2016-03-22,-0.027930001918151637
2016-03-23,-0.022867151503917764
2016-03-24,-0.018722040171550897
2016-03-25,0.0
2016-03-28,0.0
2016-03-29,0.0
2016-03-30,0.0
2016-03-31,0.0
2016-04-01,0.043478260869565216
2016-04-05,0.03559698926426008
2016-04-06,0.02914434982763649
2016-04-07,0.023861375482348974
2016-04-08,-0.041666666666666664
2016-04-11,-0.03411378137824924
2016-04-12,-0.027930001918151637
2016-04-13,-0.022867151503917764
2016-04-14,-0.018722040171550897
2016-04-15,0.08695652173913043
2016-04-18,0.07119397852852016
2016-04-19,0.05828869965527298
2016-04-20,0.04772275096469795
2016-04-21,0.039072083836280136
2016-04-22,0.08
2016-04-25,0.06549846024623855
2016-04-26,0.053625603682851145
2016-04-27,0.04390493088752211
2016-04-28,0.03594631712937773
2016-04-29,0.037037037037037035
2016-05-03,0.030323361225110437
2016-05-04,0.024826668371690345
2016-05-05,0.020326356892371347
2016-05-06,-0.07142857142857142
2016-05-09,-0.0584807680769987
2016-05-10,-0.04788000328825995
2016-05-11,-0.03920083114957331
2016-05-12,-0.032094926008372965
2016-05-13,-0.07692307692307693
2016-05-16,-0.0629792886983063
2016-05-17,-0.05156308046427995
2016-05-18,-0.04221627969954049
2016-05-19,-0.03456376647055551
2016-05-20,-0.041666666666666664
2016-05-23,-0.03411378137824924
2016-05-24,-0.027930001918151637
2016-05-25,-0.022867151503917764
2016-05-26,-0.018722040171550897
2016-05-27,0.0
2016-05-30,0.0
2016-05-31,0.0
2016-06-01,0.0
2016-06-02,0.0
2016-06-03,-0.043478260869565216
2016-06-06,-0.03559698926426008
2016-06-07,-0.02914434982763649
2016-06-08,-0.023861375482348974
2016-06-13,-0.019536041918140068
2016-06-14,-0.01599475831180184
2016-06-15,-0.013095400517921827
2016-06-16,-0.010721607127895931
2016-06-17,0.09090909090909091
2016-06-20,0.07443006846163472
2016-06-21,0.06093818600323994
2016-06-22,0.049891966917638766
2016-06-23,0.040848087647020144
2016-06-24,0.041666666666666664
2016-06-27,0.03411378137824924
2016-06-28,0.027930001918151637
2016-06-29,0.022867151503917764
2016-06-30,0.018722040171550897
2016-07-01,-0.08
2016-07-04,-0.06549846024623855
2016-07-05,-0.053625603682851145
2016-07-06,-0.04390493088752211
2016-07-07,-0.03594631712937773
2016-07-08,-0.08695652173913043
2016-07-11,-0.07119397852852016
2016-07-12,-0.05828869965527298
2016-07-13,-0.04772275096469795
2016-07-14,-0.039072083836280136
2016-07-15,0.047619047619047616
2016-07-18,0.03898717871799913
2016-07-19,0.0319200021921733
2016-07-20,0.026133887433048873
2016-07-21,0.021396617338915312
2016-07-22,-0.045454545454545456
2016-07-25,-0.03721503423081736
2016-07-26,-0.03046909300161997
2016-07-27,-0.024945983458819383
2016-07-28,-0.020424043823510072
2016-07-29,0.0
2016-08-01,0.0
2016-08-02,0.0
2016-08-03,0.0
2016-08-04,0.0
2016-08-05,0.0
2016-08-08,0.0
2016-08-09,0.0
2016-08-10,0.0
2016-08-11,0.0
2016-08-12,-0.023809523809523808
2016-08-15,-0.019493589358999565
2016-08-16,-0.01596000109608665
2016-08-17,-0.013066943716524436
2016-08-18,-0.010698308669457656
2016-08-19,-0.024390243902439025
2016-08-22,-0.01996904275799956
2016-08-23,-0.0163492694155034
2016-08-24,-0.013385649660829913
2016-08-25,-0.010959243027249307
2016-08-26,0.0
2016-08-29,0.0
2016-08-30,0.0
2016-08-31,0.0
2016-09-01,0.0
2016-09-02,0.05
2016-09-05,0.0409365376538991
2016-09-06,0.03351600230178197
2016-09-07,0.02744058180470132
2016-09-08,0.022466448205861078
2016-09-09,0.09523809523809523
2016-09-12,0.07797435743599826
2016-09-13,0.0638400043843466
2016-09-14,0.052267774866097745
2016-09-19,0.042793234677830624
2016-09-20,0.035036137254423075
2016-09-21,0.028685163039257333
2016-09-22,0.02348542513729585
2016-09-23,-0.08695652173913043
2016-09-26,-0.07119397852852016
2016-09-27,-0.05828869965527298
2016-09-28,-0.04772275096469795
2016-09-29,-0.039072083836280136
2016-09-30,-0.09523809523809523
2016-10-10,-0.07797435743599826
2016-10-11,-0.0638400043843466
2016-10-12,-0.052267774866097745
2016-10-13,-0.042793234677830624
2016-10-14,0.05263157894736842
2016-10-17,0.043091092267262196
2016-10-18,0.035280002422928385
2016-10-19,0.028884822952317177
2016-10-20,0.023648892848274816
2016-10-21,0.05
2016-10-24,0.0409365376538991
2016-10-25,0.03351600230178197
2016-10-26,0.02744058180470132
2016-10-27,0.022466448205861078
2016-10-28,0.047619047619047616
2016-10-31,0.03898717871799913
2016-11-01,0.0319200021921733
2016-11-02,0.026133887433048873
2016-11-03,0.021396617338915312
2016-11-04,0.09090909090909091
2016-11-07,0.07443006846163472
2016-11-08,0.06093818600323994
2016-11-09,0.049891966917638766
2016-11-10,0.040848087647020144
2016-11-11,0.020833333333333332
2016-11-14,0.01705689068912462
2016-11-15,0.013965000959075819
2016-11-16,0.011433575751958882
2016-11-17,0.009361020085775449
2016-11-18,-0.02040816326530612
2016-11-21,-0.016708790879142486
2016-11-22,-0.013680000939502843
2016-11-23,-0.01120023747130666
2016-11-24,-0.009169978859535133
2016-11-25,-0.0075077436973763735
2016-11-28,-0.006146820651269429
2016-11-29,-0.005032591100849111
2016-11-30,-0.0041203371019317425
2016-12-01,-0.0033734466983997248
2016-12-02,0.08333333333333333
2016-12-05,0.06822756275649848
2016-12-06,0.055860003836303275
2016-12-07,0.04573430300783553
2016-12-08,0.037444080343101795
2016-12-09,0.07692307692307693
2016-12-12,0.0629792886983063
2016-12-13,0.05156308046427995
2016-12-14,0.04221627969954049
2016-12-15,0.03456376647055551
2016-12-16,-0.05357142857142857
2016-12-19,-0.043860576057749026
2016-12-20,-0.03591000246619496
2016-12-21,-0.029400623362179985
2016-12-22,-0.024071194506279724
2016-12-23,0.09433962264150944
2016-12-26,0.07723875029037565
2016-12-27,0.06323774019204145
2016-12-28,0.05177468265037985
2016-12-29,0.04238952491671902
2016-12-30,0.034482758620689655
2017-01-03,0.02823209493372351
2017-01-04,0.02311448434605653
2017-01-05,0.01892453917565608
2017-01-06,-0.016666666666666666
2017-01-09,-0.013645512551299697
2017-01-10,-0.011172000767260656
2017-01-11,-0.009146860601567107
2017-01-12,-0.007488816068620359
2017-01-13,0.03389830508474576
2017-01-16,0.027753584850101078
2017-01-17,0.022722713424936928
2017-01-18,0.018603784274373775
2017-01-19,0.015231490309058357
2017-01-20,0.14754098360655737
2017-01-23,0.1207963406180629
2017-01-24,0.09889967892329105
2017-01-25,0.08097220860403669
2017-01-26,0.0662944373287704
2017-02-03,0.05427729459906526
2017-02-06,0.044438490282128165
2017-02-07,0.03638315861433537
2017-02-08,0.029788010851670467
2017-02-09,0.02438836055728326
2017-02-10,-0.14285714285714285
2017-02-13,-0.1169615361539974
2017-02-14,-0.0957600065765199
2017-02-15,-0.07840166229914662
2017-02-16,-0.06418985201674593
2017-02-17,-0.03333333333333333
2017-02-20,-0.027291025102599394
2017-02-21,-0.02234400153452131
2017-02-22,-0.018293721203134213
2017-02-23,-0.014977632137240718
2017-02-24,-0.034482758620689655
2017-02-27,-0.02823209493372351
2017-02-28,-0.02311448434605653
2017-03-01,-0.01892453917565608
2017-03-02,-0.015494102210938674
2017-03-03,0.0
2017-03-06,0.0
2017-03-07,0.0
2017-03-08,0.0
2017-03-09,0.0
2017-03-10,0.03571428571428571
2017-03-13,0.02924038403849935
2017-03-14,0.023940001644129974
2017-03-15,0.019600415574786655
2017-03-16,0.016047463004186482
2017-03-17,-0.05172413793103448
2017-03-20,-0.042348142400585265
2017-03-21,-0.03467172651908479
2017-03-22,-0.028386808763484123
2017-03-23,-0.02324115331640801
2017-03-24,-0.03636363636363636
2017-03-27,-0.029772027384653885
2017-03-28,-0.024375274401295974
2017-03-29,-0.019956786767055503
2017-03-30,-0.016339235058808056
2017-03-31,-0.018867924528301886
2017-04-05,-0.015447750058075128
2017-04-06,-0.012647548038408288
2017-04-07,-0.057692307692307696
2017-04-10,-0.04723446652372972
2017-04-11,-0.03867231034820996
2017-04-12,-0.03166220977465537
2017-04-13,-0.02592282485291663
2017-04-14,-0.04081632653061224
2017-04-17,-0.03341758175828497
2017-04-18,-0.027360001879005686
2017-04-19,-0.02240047494261332
2017-04-20,-0.018339957719070266
2017-04-21,-0.06382978723404255
2017-04-24,-0.052259409770935
2017-04-25,-0.04278638591716846
2017-04-26,-0.03503052996344849
2017-04-27,-0.028680572177694992
2017-04-28,0.0
2017-05-02,0.0
2017-05-03,0.0
2017-05-04,0.0
2017-05-05,0.0
2017-05-08,0.0
2017-05-09,0.0
2017-05-10,0.0
2017-05-11,0.0
2017-05-12,0.0
2017-05-15,0.0
2017-05-16,0.0
2017-05-17,0.0
2017-05-18,0.0
2017-05-19,0.0
2017-05-22,0.0
2017-05-23,0.0
2017-05-24,0.0
2017-05-25,0.0
2017-05-26,0.0
2017-05-31,0.0
2017-06-01,0.0
2017-06-02,0.022727272727272728
2017-06-05,0.01860751711540868
2017-06-06,0.015234546500809985
2017-06-07,0.012472991729409692
2017-06-08,0.010212021911755036
2017-06-09,0.0
2017-06-12,0.0
2017-06-13,0.0
2017-06-14,0.0
2017-06-15,0.0
2017-06-16,0.0
2017-06-19,0.0
2017-06-20,0.0
2017-06-21,0.0
2017-06-22,0.0
2017-06-23,0.022222222222222223
2017-06-26,0.01819401673506626
2017-06-27,0.014896001023014208
2017-06-28,0.01219581413542281
2017-06-29,0.009985088091493812
2017-06-30,0.0
2017-07-03,0.0
2017-07-04,0.0
2017-07-05,0.0
2017-07-06,0.0
2017-07-07,0.08695652173913043
2017-07-10,0.07119397852852016
2017-07-11,0.05828869965527298
2017-07-12,0.04772275096469795
2017-07-13,0.039072083836280136
2017-07-14,0.04
2017-07-17,0.032749230123119276
2017-07-18,0.026812801841425572
2017-07-19,0.021952465443761057
2017-07-20,0.017973158564688865
2017-07-21,0.038461538461538464
2017-07-24,0.03148964434915315
2017-07-25,0.025781540232139976
2017-07-26,0.021108139849770245
2017-07-27,0.017281883235277753
2017-07-28,0.0
2017-07-31,0.0
2017-08-01,0.0
2017-08-02,0.0
2017-08-03,0.0
2017-08-04,0.0
2017-08-07,0.0
2017-08-08,0.0
2017-08-09,0.0
2017-08-10,0.0
2017-08-11,0.0
2017-08-14,0.0
2017-08-15,0.0
2017-08-16,0.0
2017-08-17,0.0
2017-08-18,-0.018518518518518517
2017-08-21,-0.015161680612555219
2017-08-22,-0.012413334185845172
2017-08-23,-0.010163178446185674
2017-08-24,-0.00832090674291151
2017-08-25,-0.018867924528301886
2017-08-28,-0.015447750058075128
2017-08-29,-0.012647548038408288
2017-08-30,-0.01035493653007597
2017-08-31,-0.008477904983343804
2017-09-01,-0.019230769230769232
2017-09-04,-0.015744822174576574
2017-09-05,-0.012890770116069988
2017-09-06,-0.010554069924885123
2017-09-07,-0.008640941617638877
2017-09-08,-0.0196078431372549
2017-09-11,-0.016053544177999642
2017-09-12,-0.0131435303144243
2017-09-13,-0.010761012472431889
2017-09-14,-0.008810371845435717
2017-09-15,-0.04
2017-09-18,-0.032749230123119276
2017-09-19,-0.026812801841425572
2017-09-20,-0.021952465443761057
2017-09-21,-0.017973158564688865
2017-09-22,-0.020833333333333332
2017-09-25,-0.01705689068912462
2017-09-26,-0.013965000959075819
2017-09-27,-0.011433575751958882
2017-09-28,-0.009361020085775449
2017-09-29,0.02127659574468085
2017-10-09,0.017419803256978336
2017-10-10,0.014262128639056156
2017-10-11,0.011676843321149497
2017-10-12,0.00956019072589833
2017-10-13,0.041666666666666664
2017-10-16,0.03411378137824924
2017-10-17,0.027930001918151637
2017-10-18,0.022867151503917764
2017-10-19,0.018722040171550897
2017-10-20,-0.02
2017-10-23,-0.016374615061559638
2017-10-24,-0.013406400920712786
2017-10-25,-0.010976232721880528
2017-10-26,-0.008986579282344432
2017-10-27,0.0
2017-10-30,0.0
2017-10-31,0.0
2017-11-01,0.0
2017-11-02,0.0
2017-11-03,-0.02040816326530612
2017-11-06,-0.016708790879142486
2017-11-07,-0.013680000939502843
2017-11-08,-0.01120023747130666
2017-11-09,-0.009169978859535133
2017-11-10,-0.041666666666666664
2017-11-13,-0.03411378137824924
2017-11-14,-0.027930001918151637
2017-11-15,-0.022867151503917764
2017-11-16,-0.018722040171550897
2017-11-17,-0.043478260869565216
2017-11-20,-0.03559698926426008
2017-11-21,-0.02914434982763649
2017-11-22,-0.023861375482348974
2017-11-23,-0.019536041918140068
2017-11-24,0.0
2017-11-27,0.0
2017-11-28,0.0
2017-11-29,0.0
2017-11-30,0.0
2017-12-01,0.022727272727272728
2017-12-04,0.01860751711540868
2017-12-05,0.015234546500809985
2017-12-06,0.012472991729409692
2017-12-07,0.010212021911755036
2017-12-08,0.022222222222222223
2017-12-11,0.01819401673506626
2017-12-12,0.014896001023014208
2017-12-13,0.01219581413542281
2017-12-14,0.009985088091493812
2017-12-15,0.0
2017-12-18,0.0
2017-12-19,0.0
2017-12-20,0.0
2017-12-21,0.0
2017-12-22,-0.043478260869565216
2017-12-25,-0.03559698926426008
2017-12-26,-0.02914434982763649
2017-12-27,-0.023861375482348974
2017-12-28,-0.019536041918140068
2017-12-29,-0.045454545454545456
2018-01-02,-0.03721503423081736
2018-01-03,-0.03046909300161997
2018-01-04,-0.024945983458819383
2018-01-05,0.047619047619047616
2018-01-08,0.03898717871799913
2018-01-09,0.0319200021921733
2018-01-10,0.026133887433048873
2018-01-11,0.021396617338915312
2018-01-12,-0.022727272727272728
2018-01-15,-0.01860751711540868
2018-01-16,-0.015234546500809985
2018-01-17,-0.012472991729409692
2018-01-18,-0.010212021911755036
2018-01-19,0.18604651162790697
2018-01-22,0.15232200057264778
2018-01-23,0.12471070623918872
2018-01-24,0.10210449043609793
2018-01-25,0.08359608634739006
2018-01-26,0.13725490196078433
2018-01-29,0.11237480924599752
2018-01-30,0.09200471220097012
2018-01-31,0.07532708730702324
2018-02-01,0.061672602918050025
2018-02-02,0.13793103448275862
2018-02-05,0.11292837973489404
2018-02-06,0.09245793738422611
2018-02-07,0.07569815670262432
2018-02-08,0.061976408843754695
2018-02-09,0.015151515151515152
2018-02-12,0.012405011410272452
2018-02-13,0.010156364333873324
2018-02-14,0.00831532781960646
2018-02-22,0.006808014607836691
2018-02-23,0.005573930926840036
2018-02-26,0.004563548665336394
2018-02-27,0.0037363176354788855
2018-02-28,0.0030590381514341725
2018-03-01,0.0025045286094179777
2018-03-02,-0.23269230790961498
2018-03-05,-0.1905123484902927
2018-03-06,-0.15597831855011227
2018-03-07,-0.12770424621037074
2018-03-08,-0.10455539367107286
2018-03-09,-0.08
2018-03-12,-0.06549846024623855
2018-03-13,-0.053625603682851145
2018-03-14,-0.04390493088752211
2018-03-15,-0.03594631712937773
2018-03-16,0.0
2018-03-19,0.0
2018-03-20,0.0
2018-03-21,0.0
2018-03-22,0.0
2018-03-23,-0.043478260869565216
2018-03-26,-0.03559698926426008
2018-03-27,-0.02914434982763649
2018-03-28,-0.023861375482348974
2018-03-29,-0.019536041918140068
2018-03-30,0.0
2018-04-02,0.0
2018-04-03,0.0
2018-04-04,0.0
2018-04-09,0.0
2018-04-10,0.0
2018-04-11,0.0
2018-04-12,0.0
2018-04-13,-0.045454545454545456
2018-04-16,-0.03721503423081736
2018-04-17,-0.03046909300161997
2018-04-18,-0.024945983458819383
2018-04-19,-0.020424043823510072
2018-04-20,0.047619047619047616
2018-04-23,0.03898717871799913
2018-04-24,0.0319200021921733
2018-04-25,0.026133887433048873
2018-04-26,0.021396617338915312
2018-04-27,0.022727272727272728
2018-05-02,0.01860751711540868
2018-05-03,0.015234546500809985
2018-05-04,0.1111111111111111
2018-05-07,0.09097008367533131
2018-05-08,0.07448000511507104
2018-05-09,0.06097907067711404
2018-05-10,0.04992544045746906
2018-05-11,0.02
2018-05-14,0.016374615061559638
2018-05-15,0.013406400920712786
2018-05-16,0.010976232721880528
2018-05-17,0.008986579282344432
2018-05-18,0.0196078431372549
2018-05-21,0.016053544177999642
2018-05-22,0.0131435303144243
2018-05-23,0.010761012472431889
2018-05-24,0.008810371845435717
2018-05-25,-0.019230769230769232
2018-05-28,-0.015744822174576574
2018-05-29,-0.012890770116069988
2018-05-30,-0.010554069924885123
2018-05-31,-0.008640941617638877
2018-06-01,0.0
2018-06-04,0.0
2018-06-05,0.0
2018-06-06,0.0
2018-06-07,0.0
2018-06-08,0.0
2018-06-11,0.0
2018-06-12,0.0
2018-06-13,0.0
2018-06-14,0.0
2018-06-15,0.0
2018-06-19,0.0
2018-06-20,0.0
2018-06-21,0.0
2018-06-22,0.0196078431372549
2018-06-25,0.016053544177999642
2018-06-26,0.0131435303144243
2018-06-27,0.010761012472431889
2018-06-28,0.008810371845435717
2018-06-29,0.019230769230769232
2018-07-02,0.015744822174576574
2018-07-03,0.012890770116069988
2018-07-04,0.010554069924885123
2018-07-05,0.008640941617638877
2018-07-06,-0.018867924528301886
2018-07-09,-0.015447750058075128
2018-07-10,-0.012647548038408288
2018-07-11,-0.01035493653007597
2018-07-12,-0.008477904983343804
2018-07-13,-0.01538461538461533
2018-07-16,-0.012595857739661214
2018-07-17,-0.010312616092855952
2018-07-18,-0.008443255939908068
2018-07-19,-0.006912753294111076
2018-07-20,-0.0039062500000000555
2018-07-23,-0.003198167004210912
2018-07-24,-0.0026184376798267534
2018-07-25,-0.002143795453492321
2018-07-26,-0.0017551912660829217
2018-07-27,0.0
2018-07-30,0.0
2018-07-31,0.0
2018-08-01,0.0
2018-08-02,0.0
2018-08-03,0.058823529411764705
2018-08-06,0.04816063253399893
2018-08-07,0.0394305909432729
2018-08-08,0.03228303741729567
2018-08-09,0.02643111553630715
2018-08-10,-0.037037037037037035
2018-08-13,-0.030323361225110437
2018-08-14,-0.024826668371690345
2018-08-15,-0.020326356892371347
2018-08-16,-0.01664181348582302
2018-08-17,-0.019230769230769232
2018-08-20,-0.015744822174576574
2018-08-21,-0.012890770116069988
2018-08-22,-0.010554069924885123
2018-08-23,-0.008640941617638877
2018-08-24,-0.0196078431372549
2018-08-27,-0.016053544177999642
2018-08-28,-0.0131435303144243
2018-08-29,-0.010761012472431889
2018-08-30,-0.008810371845435717
2018-08-31,0.0
2018-09-03,0.0
2018-09-04,0.0
2018-09-05,0.0
2018-09-06,0.0
2018-09-07,-0.0040000000000000565
2018-09-10,-0.0032749230123119734
2018-09-11,-0.002681280184142595
2018-09-12,-0.0021952465443761367
2018-09-13,-0.0017973158564689117
2018-09-14,0.008032128514056339
2018-09-17,0.006576150627132477
2018-09-18,0.005384096755306416
2018-09-19,0.00440812559111674
2018-09-20,0.0036090679848773326
2018-09-21,0.011952191235059646
2018-09-25,0.009785626530812438
2018-09-26,0.008011793378911947
2018-09-27,0.006559501626621766
2018-09-28,0.003937007874015804
2018-10-08,0.0032233494215669037
2018-10-09,0.0026390552993529486
2018-10-10,0.002160675732653678
2018-10-11,0.001769011669752866
2018-10-12,-0.0196078431372549
2018-10-15,-0.016053544177999642
2018-10-16,-0.0131435303144243
2018-10-17,-0.010761012472431889
2018-10-18,-0.008810371845435717
2018-10-19,0.02
2018-10-22,0.016374615061559638
2018-10-23,0.013406400920712786
2018-10-24,0.010976232721880528
2018-10-25,0.008986579282344432
2018-10-26,0.11764705882352941
2018-10-29,0.09632126506799786
2018-10-30,0.0788611818865458
2018-10-31,0.06456607483459134
2018-11-01,0.0528622310726143
2018-11-02,0.017543859649122806
2018-11-05,0.014363697422420734
2018-11-06,0.011760000807642794
2018-11-07,0.009628274317439059
2018-11-08,0.007882964282758273
2018-11-09,0.0034482758620690145
2018-11-12,0.0028232094933723913
2018-11-13,0.002311448434605686
2018-11-14,0.0018924539175656351
2018-11-15,0.0015494102210938895
2018-11-16,-0.020618556701030976
2018-11-19,-0.01688104645521616
2018-11-20,-0.013821031877023524
2018-11-21,-0.011315703836990262
2018-11-22,-0.009264514724066445
2018-11-23,-0.017543859649122806
2018-11-26,-0.014363697422420734
2018-11-27,-0.011760000807642794
2018-11-28,-0.009628274317439059
2018-11-29,-0.007882964282758273
2018-11-30,-0.05357142857142857
2018-12-03,-0.043860576057749026
2018-12-04,-0.03591000246619496
2018-12-05,-0.029400623362179985
2018-12-06,-0.024071194506279724
2018-12-07,-0.018867924528301886
2018-12-10,-0.015447750058075128
2018-12-11,-0.012647548038408288
2018-12-12,-0.01035493653007597
2018-12-13,-0.008477904983343804
2018-12-14,-0.003846153846153901
2018-12-17,-0.0031489644349153596
2018-12-18,-0.002578154023214034
2018-12-19,-0.002110813984977055
2018-12-20,-0.0017281883235278
2018-12-21,-0.003861003861003779
2018-12-24,-0.0031611225987566195
2018-12-25,-0.0025881082858518344
2018-12-26,-0.0021189638459228367
2018-12-27,-0.001734860865317421
2018-12-28,0.08527131782945734
2019-01-02,0.06981425026246355
2019-01-03,0.05715907369296147
2019-01-04,0.046797891449878205
2019-01-07,0.03831487290922043
2019-01-08,0.03136956475105321
2019-01-09,0.025683227372358303
2019-01-10,0.021027648088043954
2019-01-11,0.017857142857142856
2019-01-14,0.014620192019249675
2019-01-15,0.011970000822064987
2019-01-16,0.009800207787393328
2019-01-17,0.008023731502093241
2019-01-18,0.12280701754385964
2019-01-21,0.10054588195694512
2019-01-22,0.08232000565349956
2019-01-23,0.06739792022207342
2019-01-24,0.05518074997930791
2019-01-25,0.03125
2019-01-28,0.025585336033686932
2019-01-29,0.02094750143861373
2019-01-30,0.017150363627938325
2019-01-31,0.014041530128663174
2019-02-01,0.011496232536607573
2019-02-11,0.009412319122256313
2019-02-12,0.007706155123175201
2019-02-13,0.006309266187332981
2019-02-14,0.005165590256924579
2019-02-15,-0.12121212121212122
2019-02-18,-0.09924009128217962
2019-02-19,-0.0812509146709866
2019-02-20,-0.06652262255685168
2019-02-21,-0.05446411686269353
2019-02-22,-0.017241379310344827
2019-02-25,-0.014116047466861755
2019-02-26,-0.011557242173028264
2019-02-27,-0.00946226958782804
2019-02-28,-0.007747051105469337
2019-03-01,0.05263157894736842
2019-03-04,0.043091092267262196
2019-03-05,0.035280002422928385
2019-03-06,0.028884822952317177
2019-03-07,0.023648892848274816
2019-03-08,0.0
2019-03-11,0.0
2019-03-12,0.0
2019-03-13,0.0
2019-03-14,0.0
2019-03-15,0.03333333333333333
2019-03-18,0.027291025102599394
2019-03-19,0.02234400153452131
2019-03-20,0.018293721203134213
2019-03-21,0.014977632137240718
2019-03-22,-0.016129032258064516
2019-03-25,-0.013205334727064222
2019-03-26,-0.010811613645736119
2019-03-27,-0.008851800582161716
2019-03-28,-0.00724724135672938
2019-03-29,0.0032786885245902103
2019-04-01,0.00268436312484588
2019-04-02,0.002197770642739832
2019-04-03,0.001799382413423063
2019-04-04,0.0014732097184171407
2019-04-08,0.0012061621022014673
2019-04-09,0.0009875220062695287
2019-04-10,-0.15032679738562096
2019-04-11,-0.12307717203133064
2019-04-12,-0.10076706574391966
2019-04-15,-0.08250109562197785
2019-04-16,-0.06754618414834052
2019-04-17,-0.05530213821531488
2019-04-18,-0.04527756126784738
2019-04-19,-0.03707013183435915
2019-04-22,-0.030350456953444935
2019-04-23,-0.024848852477754847
2019-04-24,0.11538461538461539
2019-04-25,0.09446893304745944
2019-04-26,0.07734462069641992
2019-04-29,0.06332441954931074
2019-04-30,0.05184564970583326
2019-05-06,0.04244762782747412
2019-05-07,0.034753178297561776
2019-05-08,-0.10344827586206896
2019-05-09,-0.08469628480117053
2019-05-10,-0.06934345303816958
2019-05-13,-0.056773617526968245
2019-05-14,-0.04648230663281602
2019-05-15,-0.038056493914287136
2019-05-16,-0.031158021921951932
2019-05-17,-0.025510030752579977
2019-05-20,-0.020885846689102282
2019-05-21,-0.017099884988439985
2019-05-22,0.038461538461538464
2019-05-23,0.03148964434915315
2019-05-24,0.025781540232139976
2019-05-27,0.021108139849770245
2019-05-28,0.017281883235277753
2019-05-29,0.014149209275824706
2019-05-30,0.011584392765853924
2019-05-31,0.00948449861313871
2019-06-03,0.00776525069210213
2019-06-04,0.006357649546984098
2019-06-05,0.037037037037037035
2019-06-06,0.030323361225110437
2019-06-10,0.024826668371690345
2019-06-11,0.020326356892371347
2019-06-12,0.01664181348582302
2019-06-13,0.013625164487831196
2019-06-14,0.011155341181933408
2019-06-17,0.009133220886726164
2019-06-18,0.007477648814616865
2019-06-19,-0.03571428571428571
2019-06-20,-0.02924038403849935
2019-06-21,-0.023940001644129974
2019-06-24,-0.019600415574786655
2019-06-25,-0.016047463004186482
2019-06-26,-0.013138551470408655
2019-06-27,-0.0107569361397215
2019-06-28,-0.008807034426485944
2019-07-01,-0.007210589928380549
2019-07-02,-0.005903531722199519
2019-07-03,0.037037037037037035
2019-07-04,0.030323361225110437
2019-07-05,0.024826668371690345
2019-07-08,0.020326356892371347
2019-07-09,0.01664181348582302
2019-07-10,0.013625164487831196
2019-07-11,0.011155341181933408
2019-07-12,0.009133220886726164
2019-07-15,0.007477648814616865
2019-07-16,0.006122181045243945
2019-07-17,0.0
2019-07-18,0.0
2019-07-19,0.0
2019-07-22,0.0
2019-07-23,0.0
2019-07-24,0.0
2019-07-25,0.0
2019-07-26,0.0
2019-07-29,0.0
2019-07-30,0.0
2019-07-31,0.03571428571428571
2019-08-01,0.02924038403849935
2019-08-02,0.023940001644129974
2019-08-05,0.019600415574786655
2019-08-06,0.016047463004186482
2019-08-07,0.013138551470408655
2019-08-08,0.0107569361397215
2019-08-09,0.008807034426485944
2019-08-12,0.007210589928380549
2019-08-13,0.005903531722199519
2019-08-14,-0.06896551724137931
2019-08-15,-0.05646418986744702
2019-08-16,-0.04622896869211306
2019-08-19,-0.03784907835131216
2019-08-20,-0.030988204421877347
2019-08-21,-0.02537099594285809
2019-08-22,-0.020772014614634623
2019-08-23,-0.01700668716838665
2019-08-26,-0.013923897792734855
2019-08-27,-0.011399923325626657
2019-08-28,-0.1111111111111111
2019-08-29,-0.09097008367533131
2019-08-30,-0.07448000511507104
2019-09-02,-0.06097907067711404
2019-09-03,-0.04992544045746906
2019-09-04,-0.04087549346349359
2019-09-05,-0.03346602354580022
2019-09-06,-0.02739966266017849
2019-09-09,-0.022432946443850597
2019-09-10,-0.018366543135731835
2019-09-11,0.125
2019-09-12,0.10234134413474773
2019-09-16,0.08379000575445492
2019-09-17,0.0686014545117533
2019-09-18,0.056166120514652695
2019-09-19,0.04598493014643029
2019-09-20,0.03764927648902525
2019-09-23,0.030824620492700804
2019-09-24,0.025237064749331923
2019-09-25,0.20192307714038432
2019-09-26,0.16532063301097027
2019-09-27,0.13535308636440038
2019-09-30,0.11081773433055461
2019-10-08,0.09072988708285071
2019-10-09,0.07428334877802263
2019-10-10,0.06081806208618483
2019-10-11,0.049793617772565565
2019-10-14,0.04076756617740979
2019-10-15,0.03337766015758718
2019-10-16,-0.23076923076923078
2019-10-17,-0.1889378660949189
2019-10-18,-0.15468924139283985
2019-10-21,-0.12664883909862149
2019-10-22,-0.10369129941166652
2019-10-23,-0.08489525565494824
2019-10-24,-0.06950635659512355
2019-10-25,-0.05690699167883226
2019-10-28,-0.04659150415261278
2019-10-29,-0.03814589728190459
2019-10-30,-0.06666666666666667
2019-10-31,-0.05458205020519879
2019-11-01,-0.04468800306904262
2019-11-04,-0.036587442406268426
2019-11-05,-0.029955264274481436
2019-11-06,-0.024525296078096157
2019-11-07,-0.020079614127480133
2019-11-08,-0.016439797596107097
2019-11-11,-0.01345976786631036
2019-11-12,-0.011019925881439102
2019-11-13,-0.10714285714285714
2019-11-14,-0.08772115211549805
2019-11-15,-0.07182000493238992
2019-11-18,-0.05880124672435997
2019-11-19,-0.04814238901255945
2019-11-20,-0.039415654411225964
2019-11-21,-0.0322708084191645
2019-11-22,-0.02642110327945783
2019-11-25,-0.021631769785141648
2019-11-26,-0.017710595166598557
2019-11-27,0.04
2019-11-28,0.032749230123119276
2019-11-29,0.026812801841425572
2019-12-02,0.021952465443761057
2019-12-03,0.017973158564688865
2019-12-04,0.014715177646857694
2019-12-05,0.012047768476488082
2019-12-06,0.009863878557664258
2019-12-09,0.008075860719786216
2019-12-10,0.006611955528863462
2019-12-11,0.038461538461538464
2019-12-12,0.03148964434915315
2019-12-13,0.025781540232139976
2019-12-16,0.021108139849770245
2019-12-17,0.017281883235277753
2019-12-18,0.014149209275824706
2019-12-19,0.011584392765853924
2019-12-20,0.00948449861313871
2019-12-23,0.00776525069210213
2019-12-24,0.006357649546984098
2019-12-25,0.18518518518518517
2019-12-26,0.15161680612555217
2019-12-27,0.12413334185845172
2019-12-30,0.10163178446185674
2019-12-31,0.0832090674291151
2020-01-02,0.06812582243915598
2020-01-03,0.05577670590966704
2020-01-06,0.04566610443363082
2020-01-07,0.03738824407308433
2020-01-08,0.0
2020-01-09,0.0
2020-01-10,0.0
2020-01-13,0.0
2020-01-14,0.0
2020-01-15,0.0
2020-01-16,0.0
2020-01-17,0.0
2020-01-20,0.0
2020-01-21,0.0
2020-01-22,0.20192307714038432
2020-01-23,0.16532063301097027
2020-02-03,0.13535308636440038
2020-02-04,0.11081773433055461
2020-02-05,0.09072988708285071
2020-02-06,0.07428334877802263
2020-02-07,0.06081806208618483
2020-02-10,0.049793617772565565
2020-02-11,0.04076756617740979
2020-02-12,-0.23269230790961498
2020-02-13,-0.1905123484902927
2020-02-14,-0.15597831855011227
2020-02-17,-0.12770424621037074
2020-02-18,-0.10455539367107286
2020-02-19,-0.08560271619868234
2020-02-20,-0.07008557629886794
2020-02-21,-0.05738121666307651
2020-02-24,-0.04697976673109147
2020-02-25,-0.038463779795174444
2020-02-26,-0.07142857142857142
2020-02-27,-0.0584807680769987
2020-02-28,-0.04788000328825995
2020-03-02,-0.03920083114957331
2020-03-03,-0.032094926008372965
2020-03-04,-0.02627710294081731
2020-03-05,-0.021513872279443
2020-03-06,-0.017614068852971888
2020-03-09,-0.014421179856761099
2020-03-10,-0.011807063444399038
2020-03-11,-0.038461538461538464
2020-03-12,-0.03148964434915315
2020-03-13,-0.025781540232139976
2020-03-16,-0.021108139849770245
2020-03-17,-0.017281883235277753
2020-03-18,-0.014149209275824706
2020-03-19,-0.011584392765853924
2020-03-20,-0.00948449861313871
2020-03-23,-0.00776525069210213
2020-03-24,-0.006357649546984098
2020-03-25,0.0
2020-03-26,0.0
2020-03-27,0.0
2020-03-30,0.0
2020-03-31,0.0
2020-04-01,0.0
2020-04-02,0.0
2020-04-03,0.0
2020-04-07,0.0
2020-04-08,-0.04
2020-04-09,-0.032749230123119276
2020-04-10,-0.026812801841425572
2020-04-13,-0.021952465443761057
2020-04-14,-0.017973158564688865
2020-04-15,-0.014715177646857694
2020-04-16,-0.012047768476488082
2020-04-17,-0.009863878557664258
2020-04-20,-0.008075860719786216
2020-04-21,-0.006611955528863462
2020-04-22,0.0
2020-04-23,0.0
2020-04-24,0.0
2020-04-27,0.0
2020-04-28,0.0
2020-04-29,0.0
2020-04-30,0.0
2020-05-06,-0.041666666666666664
2020-05-07,-0.03411378137824924
2020-05-08,-0.027930001918151637
2020-05-11,-0.022867151503917764
2020-05-12,-0.018722040171550897
2020-05-13,-0.015328310048810096
2020-05-14,-0.012549758829675083
2020-05-15,-0.010274873497566934
2020-05-18,-0.008412354916443973
2020-05-19,-0.006887453675899439
2020-05-20,0.043478260869565216
2020-05-21,0.03559698926426008
2020-05-22,0.02914434982763649
2020-05-25,0.023861375482348974
2020-05-26,0.019536041918140068
2020-05-27,0.01599475831180184
2020-05-28,0.013095400517921827
2020-05-29,0.010721607127895931
2020-06-01,0.008778109478028494
2020-06-02,0.0071869081835472404
2020-06-03,-0.041666666666666664
2020-06-04,-0.03411378137824924
2020-06-05,-0.027930001918151637
2020-06-08,-0.022867151503917764
2020-06-09,-0.018722040171550897
2020-06-10,-0.015328310048810096
2020-06-11,-0.012549758829675083
2020-06-12,-0.010274873497566934
2020-06-15,-0.008412354916443973
2020-06-16,-0.006887453675899439
2020-06-17,0.043478260869565216
2020-06-18,0.03559698926426008
2020-06-19,0.02914434982763649
2020-06-22,0.023861375482348974
2020-06-23,0.019536041918140068
2020-06-24,0.01599475831180184
2020-06-29,0.013095400517921827
2020-06-30,0.010721607127895931
2020-07-01,0.0
2020-07-02,0.0
2020-07-03,0.0
2020-07-06,0.0
2020-07-07,0.0
2020-07-08,0.0
2020-07-09,0.0
2020-07-10,0.0
2020-07-13,0.0
2020-07-14,0.0
2020-07-15,-0.041666666666666664
2020-07-16,-0.03411378137824924
2020-07-17,-0.027930001918151637
2020-07-20,-0.022867151503917764
2020-07-21,-0.018722040171550897
2020-07-22,-0.015328310048810096
2020-07-23,-0.012549758829675083
2020-07-24,-0.010274873497566934
2020-07-27,-0.008412354916443973
2020-07-28,-0.006887453675899439
2020-07-29,0.0
2020-07-30,0.0
2020-07-31,0.0
2020-08-03,0.0
2020-08-04,0.0
2020-08-05,0.0
2020-08-06,0.0
2020-08-07,0.0
2020-08-10,0.0
2020-08-11,0.0
2020-08-12,0.08695652173913043
2020-08-13,0.07119397852852016
2020-08-14,0.05828869965527298
2020-08-17,0.04772275096469795
2020-08-18,0.039072083836280136
2020-08-19,0.03198951662360368
2020-08-20,0.026190801035843654
2020-08-21,0.021443214255791862
2020-08-24,0.01755621895605699
2020-08-25,0.014373816367094481
2020-08-26,0.0
2020-08-27,0.0
2020-08-28,0.0
2020-08-31,0.0
2020-09-01,0.0
2020-09-02,0.0
2020-09-03,0.0
2020-09-04,0.0
2020-09-07,0.0
2020-09-08,0.0
2020-09-09,-0.04
2020-09-10,-0.032749230123119276
2020-09-11,-0.026812801841425572
2020-09-14,-0.021952465443761057
2020-09-15,-0.017973158564688865
2020-09-16,-0.014715177646857694
2020-09-17,-0.012047768476488082
2020-09-18,-0.009863878557664258
2020-09-21,-0.008075860719786216
2020-09-22,-0.006611955528863462
2020-09-23,0.20192307714038432
2020-09-24,0.16532063301097027
2020-09-25,0.13535308636440038
2020-09-28,0.11081773433055461
2020-09-29,0.09072988708285071
2020-09-30,0.07428334877802263
2020-10-09,-0.1724137931034483
2020-10-12,-0.14116047466861756
2020-10-13,-0.11557242173028265
2020-10-14,-0.09462269587828041
2020-10-15,-0.07747051105469338
2020-10-16,-0.06342748985714523
2020-10-19,-0.05193003653658656
2020-10-20,-0.04251671792096663
2020-10-21,0.08333333333333333
2020-10-22,0.06822756275649848
2020-10-23,0.055860003836303275
2020-10-26,0.04573430300783553
2020-10-27,0.037444080343101795
2020-10-28,0.030656620097620192
2020-10-29,0.025099517659350166
2020-10-30,0.02054974699513387
2020-11-02,0.016824709832887946
2020-11-03,0.013774907351798878
2020-11-04,0.0
2020-11-05,0.0
2020-11-06,0.0
2020-11-09,0.0
2020-11-10,0.0
2020-11-11,0.0
2020-11-12,0.0
2020-11-13,0.0
2020-11-16,0.0
2020-11-17,0.0
2020-11-18,0.0
2020-11-19,0.0
2020-11-20,0.0
2020-11-23,0.0
2020-11-24,0.0
2020-11-25,0.0
2020-11-26,0.0
2020-11-27,0.0
2020-11-30,0.0
2020-12-01,0.0
2020-12-02,0.0
2020-12-03,0.0
2020-12-04,0.0
2020-12-07,0.0
2020-12-08,0.0
2020-12-09,0.0
2020-12-10,0.0
2020-12-11,0.0
2020-12-14,0.0
2020-12-15,0.0
2020-12-16,0.038461538461538464
2020-12-17,0.03148964434915315
2020-12-18,0.025781540232139976
2020-12-21,0.021108139849770245
2020-12-22,0.017281883235277753
2020-12-23,0.014149209275824706
2020-12-24,0.011584392765853924
2020-12-25,0.00948449861313871
2020-12-28,0.00776525069210213
2020-12-29,0.006357649546984098
2020-12-30,-0.037037037037037035
2020-12-31,-0.030323361225110437
2021-01-04,-0.024826668371690345
2021-01-05,-0.020326356892371347
2021-01-06,-0.01664181348582302
2021-01-07,-0.013625164487831196
2021-01-08,-0.011155341181933408
2021-01-11,-0.009133220886726164
2021-01-12,-0.007477648814616865
2021-01-13,0.11538461538461539
2021-01-14,0.09446893304745944
2021-01-15,0.07734462069641992
2021-01-18,0.06332441954931074
2021-01-19,0.05184564970583326
2021-01-20,0.04244762782747412
2021-01-21,0.034753178297561776
2021-01-22,0.02845349583941613
2021-01-25,0.02329575207630639
2021-01-26,0.019072948640952294
2021-01-27,0.10344827586206896
2021-01-28,0.08469628480117053
2021-01-29,0.06934345303816958
2021-02-01,0.056773617526968245
2021-02-02,0.04648230663281602
2021-02-03,0.038056493914287136
2021-02-04,0.031158021921951932
2021-02-05,0.025510030752579977
2021-02-08,0.020885846689102282
2021-02-09,-0.0625
2021-02-10,-0.051170672067373864
2021-02-18,-0.04189500287722746
2021-02-19,-0.03430072725587665
2021-02-22,-0.028083060257326348
2021-02-23,-0.022992465073215146
2021-02-24,-0.1
2021-02-25,-0.0818730753077982
2021-02-26,-0.06703200460356394
2021-03-01,-0.05488116360940264
2021-03-02,-0.044932896411722156
2021-03-03,-0.036787944117144235
2021-03-04,-0.030119421191220203
2021-03-05,-0.024659696394160643
2021-03-08,-0.02018965179946554
2021-03-09,-0.016529888822158653
2021-03-10,0.07407407407407407
2021-03-11,0.060646722450220875
2021-03-12,0.04965333674338069
2021-03-15,0.040652713784742694
2021-03-16,0.03328362697164604
2021-03-17,0.027250328975662392
2021-03-18,0.022310682363866817
2021-03-19,0.018266441773452328
2021-03-22,0.01495529762923373
2021-03-23,0.01224436209048789
2021-03-24,-0.034482758620689655
2021-03-25,-0.02823209493372351
2021-03-26,-0.02311448434605653
2021-03-29,-0.01892453917565608
2021-03-30,-0.015494102210938674
2021-03-31,-0.012685497971429045
2021-04-01,-0.010386007307317311
2021-04-02,-0.008503343584193326
2021-04-06,-0.006961948896367427
2021-04-07,0.03571428571428571
2021-04-08,0.02924038403849935
2021-04-09,0.023940001644129974
2021-04-12,0.019600415574786655
2021-04-13,0.016047463004186482
2021-04-14,0.013138551470408655
2021-04-15,0.0107569361397215
2021-04-16,0.008807034426485944
2021-04-19,0.007210589928380549
2021-04-20,0.005903531722199519
2021-04-21,0.0
2021-04-22,0.0
2021-04-23,0.0
2021-04-26,0.0
2021-04-27,0.0
2021-04-28,0.0
2021-04-29,0.0
2021-04-30,0.0
2021-05-06,-0.06896551724137931
2021-05-07,-0.05646418986744702
2021-05-10,-0.04622896869211306
2021-05-11,-0.03784907835131216
2021-05-12,-0.030988204421877347
2021-05-13,-0.02537099594285809
2021-05-14,-0.020772014614634623
2021-05-17,-0.01700668716838665
2021-05-18,-0.013923897792734855
2021-05-19,0.07407407407407407
2021-05-20,0.060646722450220875
2021-05-21,0.04965333674338069
2021-05-24,0.040652713784742694
2021-05-25,0.03328362697164604
2021-05-26,0.027250328975662392
2021-05-27,0.022310682363866817
2021-05-28,0.018266441773452328
2021-05-31,0.01495529762923373
2021-06-01,0.01224436209048789
2021-06-02,-0.10344827586206896
2021-06-03,-0.08469628480117053
2021-06-04,-0.06934345303816958
2021-06-07,-0.056773617526968245
2021-06-08,-0.04648230663281602
2021-06-09,-0.038056493914287136
2021-06-10,-0.031158021921951932
2021-06-11,-0.025510030752579977
2021-06-15,-0.020885846689102282
2021-06-16,0.038461538461538464
2021-06-17,0.03148964434915315
2021-06-18,0.025781540232139976
2021-06-21,0.021108139849770245
2021-06-22,0.017281883235277753
2021-06-23,0.014149209275824706
2021-06-24,0.011584392765853924
2021-06-25,0.00948449861313871
2021-06-28,0.00776525069210213
2021-06-29,0.006357649546984098
2021-06-30,0.20192307714038432
2021-07-01,0.16532063301097027
2021-07-02,0.13535308636440038
2021-07-05,0.11081773433055461
2021-07-06,0.09072988708285071
2021-07-07,0.07428334877802263
2021-07-08,0.06081806208618483
2021-07-09,0.049793617772565565
2021-07-12,0.04076756617740979
2021-07-13,0.03337766015758718
2021-07-14,-0.23269230790961498
2021-07-15,-0.1905123484902927
2021-07-16,-0.15597831855011227
2021-07-19,-0.12770424621037074
2021-07-20,-0.10455539367107286
2021-07-21,-0.08560271619868234
2021-07-22,-0.07008557629886794
2021-07-23,-0.05738121666307651
2021-07-26,-0.04697976673109147
2021-07-27,-0.038463779795174444
2021-07-28,0.0
2021-07-29,0.0
2021-07-30,0.0
2021-08-02,0.0
2021-08-03,0.0
2021-08-04,0.0
2021-08-05,0.0
2021-08-06,0.0
2021-08-09,0.0
2021-08-10,0.0
2021-08-11,0.0
2021-08-12,0.0
2021-08-13,0.0
2021-08-16,0.0
2021-08-17,0.0
2021-08-18,0.0
2021-08-19,0.0
2021-08-20,0.0
2021-08-23,0.0
2021-08-24,0.0
2021-08-25,0.0
2021-08-26,0.0
2021-08-27,0.0
2021-08-30,0.0
2021-08-31,0.0
2021-09-01,0.0
2021-09-02,0.0
2021-09-03,0.0
2021-09-06,0.0
2021-09-07,0.0
2021-09-08,0.0
2021-09-09,0.0
2021-09-10,0.0
2021-09-13,0.0
2021-09-14,0.0
2021-09-15,0.0
2021-09-16,0.0
2021-09-17,0.0
2021-09-22,0.0
2021-09-23,0.0
2021-09-24,0.0
2021-09-27,0.0
2021-09-28,0.0
2021-09-29,0.0
2021-09-30,0.0
2021-10-08,-0.07692307692307693
2021-10-11,-0.0629792886983063
2021-10-12,-0.05156308046427995
2021-10-13,-0.04221627969954049
2021-10-14,-0.03456376647055551
2021-10-15,-0.028298418551649412
2021-10-18,-0.02316878553170785
2021-10-19,-0.01896899722627742
2021-10-20,0.125
2021-10-21,0.10234134413474773
2021-10-22,0.08379000575445492
2021-10-25,0.0686014545117533
2021-10-26,0.056166120514652695
2021-10-27,0.04598493014643029
2021-10-28,0.03764927648902525
2021-10-29,0.030824620492700804
2021-11-01,0.025237064749331923
2021-11-02,0.020662361027698316
2021-11-03,0.037037037037037035
2021-11-04,0.030323361225110437
2021-11-05,0.024826668371690345
2021-11-08,0.020326356892371347
2021-11-09,0.01664181348582302
2021-11-10,0.013625164487831196
2021-11-11,0.011155341181933408
2021-11-12,0.009133220886726164
2021-11-15,0.007477648814616865
2021-11-16,0.006122181045243945
2021-11-17,-0.03571428571428571
2021-11-18,-0.02924038403849935
2021-11-19,-0.023940001644129974
2021-11-22,-0.019600415574786655
2021-11-23,-0.016047463004186482
2021-11-24,-0.013138551470408655
2021-11-25,-0.0107569361397215
2021-11-26,-0.008807034426485944
2021-11-29,-0.007210589928380549
2021-11-30,-0.005903531722199519
2021-12-01,0.1111111111111111
2021-12-02,0.09097008367533131
2021-12-03,0.07448000511507104
2021-12-06,0.06097907067711404
2021-12-07,0.04992544045746906
2021-12-08,0.04087549346349359
2021-12-09,0.03346602354580022
2021-12-10,0.02739966266017849
2021-12-13,0.022432946443850597
2021-12-14,0.018366543135731835
2021-12-15,-0.06666666666666667
2021-12-16,-0.05458205020519879
2021-12-17,-0.04468800306904262
2021-12-20,-0.036587442406268426
2021-12-21,-0.029955264274481436
2021-12-22,-0.024525296078096157
2021-12-23,-0.020079614127480133
2021-12-24,-0.016439797596107097
2021-12-27,-0.01345976786631036
2021-12-28,-0.011019925881439102
2021-12-29,0.07142857142857142
2021-12-30,0.0584807680769987
2021-12-31,0.04788000328825995
2022-01-04,0.03920083114957331
2022-01-05,0.032094926008372965
2022-01-06,0.02627710294081731
2022-01-07,0.021513872279443
2022-01-10,0.017614068852971888
2022-01-11,0.014421179856761099
2022-01-12,0.0
2022-01-13,0.0
2022-01-14,0.0
2022-01-17,0.0
2022-01-18,0.0
2022-01-19,0.0
2022-01-20,0.0
2022-01-21,0.0
2022-01-24,0.0
2022-01-25,0.0
2022-01-26,0.13333333333333333
2022-01-27,0.10916410041039758
2022-01-28,0.08937600613808525
2022-02-07,0.07317488481253685
2022-02-08,0.05991052854896287
2022-02-09,0.14705882352941177
2022-02-10,0.12040158133499733
2022-02-11,0.09857647735818226
2022-02-14,0.08070759354323918
2022-02-15,0.06607778884076788
2022-02-16,-0.10256410256410256
2022-02-17,-0.08397238493107506
2022-02-18,-0.06875077395237326
2022-02-21,-0.056288372932720654
2022-02-22,-0.04608502196074067
2022-02-23,-0.14285714285714285
2022-02-24,-0.1169615361539974
2022-02-25,-0.0957600065765199
2022-02-28,-0.07840166229914662
2022-03-01,-0.06418985201674593
2022-03-02,-0.03333333333333333
2022-03-03,-0.027291025102599394
2022-03-04,-0.02234400153452131
2022-03-07,-0.018293721203134213
2022-03-08,-0.014977632137240718
2022-03-09,0.06896551724137931
2022-03-10,0.05646418986744702
2022-03-11,0.04622896869211306
2022-03-14,0.03784907835131216
2022-03-15,0.030988204421877347
2022-03-16,-0.12903225806451613
2022-03-17,-0.10564267781651378
2022-03-18,-0.08649290916588895
2022-03-21,-0.07081440465729373
2022-03-22,-0.05797793085383504
2022-03-23,0.0
2022-03-24,0.0
2022-03-25,0.0
2022-03-28,0.0
2022-03-29,0.0
2022-03-30,-0.037037037037037035
2022-03-31,-0.030323361225110437
2022-04-01,-0.024826668371690345
2022-04-06,-0.038461538461538464
2022-04-07,-0.03148964434915315
2022-04-08,-0.025781540232139976
2022-04-11,-0.021108139849770245
2022-04-12,-0.017281883235277753
2022-04-13,0.0
2022-04-14,0.0
2022-04-15,0.0
2022-04-18,0.0
2022-04-19,0.0
2022-04-20,0.04
2022-04-21,0.032749230123119276
2022-04-22,0.026812801841425572
2022-04-25,0.021952465443761057
2022-04-26,0.017973158564688865
2022-04-27,0.038461538461538464
2022-04-28,0.03148964434915315
2022-04-29,0.025781540232139976
2022-05-05,-0.1111111111111111
2022-05-06,-0.09097008367533131
2022-05-09,-0.07448000511507104
2022-05-10,-0.06097907067711404
2022-05-11,0.041666666666666664
2022-05-12,0.03411378137824924
2022-05-13,0.027930001918151637
2022-05-16,0.022867151503917764
2022-05-17,0.018722040171550897
2022-05-18,0.04
2022-05-19,0.032749230123119276
2022-05-20,0.026812801841425572
2022-05-23,0.021952465443761057
2022-05-24,0.017973158564688865
2022-05-25,0.0
2022-05-26,0.0
2022-05-27,0.0
2022-05-30,0.0
2022-05-31,0.0
2022-06-01,-0.07692307692307693
2022-06-02,-0.0629792886983063
2022-06-06,-0.05156308046427995
2022-06-07,-0.04221627969954049
2022-06-08,0.041666666666666664
2022-06-09,0.03411378137824924
2022-06-10,0.027930001918151637
2022-06-13,0.022867151503917764
2022-06-14,0.018722040171550897
2022-06-15,-0.04
2022-06-16,-0.032749230123119276
2022-06-17,-0.026812801841425572
2022-06-20,-0.021952465443761057
2022-06-21,-0.017973158564688865
2022-06-22,-0.041666666666666664
2022-06-23,-0.03411378137824924
2022-06-24,-0.027930001918151637
2022-06-27,-0.022867151503917764
2022-06-28,-0.018722040171550897
2022-06-29,-0.043478260869565216
2022-06-30,-0.03559698926426008
2022-07-01,-0.02914434982763649
2022-07-04,-0.023861375482348974
2022-07-05,-0.019536041918140068
2022-07-06,0.09090909090909091
2022-07-07,0.07443006846163472
2022-07-08,0.06093818600323994
2022-07-11,0.049891966917638766
2022-07-12,0.040848087647020144
2022-07-13,0.0
2022-07-14,0.0
2022-07-15,0.0
2022-07-18,0.0
2022-07-19,0.0
2022-07-20,-0.041666666666666664
2022-07-21,-0.03411378137824924
2022-07-22,-0.027930001918151637
2022-07-25,-0.022867151503917764
2022-07-26,-0.018722040171550897
2022-07-27,0.043478260869565216
2022-07-28,0.03559698926426008
2022-07-29,0.02914434982763649
2022-08-01,0.023861375482348974
2022-08-02,0.019536041918140068
2022-08-03,0.041666666666666664
2022-08-04,0.03411378137824924
2022-08-05,0.027930001918151637
2022-08-08,0.022867151503917764
2022-08-09,0.018722040171550897
2022-08-10,-0.16
2022-08-11,-0.1309969204924771
2022-08-12,-0.10725120736570229
2022-08-15,-0.08780986177504423
2022-08-16,-0.07189263425875546
2022-08-17,-0.047619047619047616
2022-08-18,-0.03898717871799913
2022-08-19,-0.0319200021921733
2022-08-22,-0.026133887433048873
2022-08-23,-0.021396617338915312
2022-08-24,-0.05
2022-08-25,-0.0409365376538991
2022-08-26,-0.03351600230178197
2022-08-29,-0.02744058180470132
2022-08-30,-0.022466448205861078
2022-08-31,0.05263157894736842
2022-09-01,0.043091092267262196
2022-09-02,0.035280002422928385
2022-09-05,0.028884822952317177
2022-09-06,0.023648892848274816
2022-09-07,-0.05
2022-09-08,-0.0409365376538991
2022-09-09,-0.03351600230178197
2022-09-13,-0.02744058180470132
2022-09-14,0.0
2022-09-15,0.0
2022-09-16,0.0
2022-09-19,0.0
2022-09-20,0.0
2022-09-21,0.10526315789473684
2022-09-22,0.08618218453452439
2022-09-23,0.07056000484585677
2022-09-26,0.057769645904634355
2022-09-27,0.04729778569654963
2022-09-28,0.19047619047619047
2022-09-29,0.15594871487199652
2022-09-30,0.1276800087686932
2022-10-10,-0.23269230790961498
2022-10-11,-0.1905123484902927
2022-10-12,0.10526315789473684
2022-10-13,0.08618218453452439
2022-10-14,0.07056000484585677
2022-10-17,0.057769645904634355
2022-10-18,0.04729778569654963
2022-10-19,-0.14285714285714285
2022-10-20,-0.1169615361539974
2022-10-21,-0.0957600065765199
2022-10-24,-0.07840166229914662
2022-10-25,-0.06418985201674593
2022-10-26,0.05555555555555555
2022-10-27,0.045485041837665656
2022-10-28,0.03724000255753552
2022-10-31,0.03048953533855702
2022-11-01,0.02496272022873453
2022-11-02,0.0
2022-11-03,0.0
2022-11-04,0.0
2022-11-07,0.0
2022-11-08,0.0
2022-11-09,0.05263157894736842
2022-11-10,0.043091092267262196
2022-11-11,0.035280002422928385
2022-11-14,0.028884822952317177
2022-11-15,0.023648892848274816
2022-11-16,0.0
2022-11-17,0.0
2022-11-18,0.0
2022-11-21,0.0
2022-11-22,0.0
2022-11-23,-0.05
2022-11-24,-0.0409365376538991
2022-11-25,-0.03351600230178197
2022-11-28,-0.02744058180470132
2022-11-29,-0.022466448205861078
2022-11-30,0.0
2022-12-01,0.0
2022-12-02,0.0
2022-12-05,0.0
2022-12-06,0.0
2022-12-07,0.10526315789473684
2022-12-08,0.08618218453452439
2022-12-09,0.07056000484585677
2022-12-12,0.057769645904634355
2022-12-13,0.04729778569654963
2022-12-14,-0.09523809523809523
2022-12-15,-0.07797435743599826
2022-12-16,-0.0638400043843466
2022-12-19,-0.052267774866097745
2022-12-20,-0.042793234677830624
2022-12-21,0.0
2022-12-22,0.0
2022-12-23,0.0
2022-12-26,0.0
2022-12-27,0.0
2022-12-28,0.10526315789473684
2022-12-29,0.08618218453452439
2022-12-30,0.07056000484585677
2023-01-03,0.057769645904634355
2023-01-04,0.19047619047619047
2023-01-05,0.15594871487199652
2023-01-06,0.1276800087686932
2023-01-09,0.10453554973219549
2023-01-10,0.08558646935566125
2023-01-11,0.08
2023-01-12,0.06549846024623855
2023-01-13,0.053625603682851145
2023-01-16,0.04390493088752211
2023-01-17,0.03594631712937773
2023-01-18,0.0
2023-01-19,0.0
2023-01-20,0.0
2023-01-30,-0.23269230790961498
2023-01-31,-0.1905123484902927
2023-02-01,-0.05
2023-02-02,-0.0409365376538991
2023-02-03,-0.03351600230178197
2023-02-06,-0.02744058180470132
2023-02-07,-0.022466448205861078
2023-02-08,-0.05263157894736842
2023-02-09,-0.043091092267262196
2023-02-10,-0.035280002422928385
2023-02-13,-0.028884822952317177
2023-02-14,-0.023648892848274816
2023-02-15,0.0
2023-02-16,0.0
2023-02-17,0.0
2023-02-20,0.0
2023-02-21,0.0
2023-02-22,-0.05555555555555555
2023-02-23,-0.045485041837665656
2023-02-24,-0.03724000255753552
2023-02-27,-0.03048953533855702
2023-02-28,-0.02496272022873453
2023-03-01,0.058823529411764705
2023-03-02,0.04816063253399893
2023-03-03,0.0394305909432729
2023-03-06,0.03228303741729567
2023-03-07,0.02643111553630715
2023-03-08,0.05555555555555555
2023-03-09,0.045485041837665656
2023-03-10,0.03724000255753552
2023-03-13,0.03048953533855702
2023-03-14,0.02496272022873453
2023-03-15,-0.10526315789473684
2023-03-16,-0.08618218453452439
2023-03-17,-0.07056000484585677
2023-03-20,-0.057769645904634355
2023-03-21,-0.04729778569654963
2023-03-22,0.11764705882352941
2023-03-23,0.09632126506799786
2023-03-24,0.0788611818865458
2023-03-27,0.06456607483459134
2023-03-28,0.0528622310726143
