1645315200000,0.0020180,0.0020200,0.0020180,0.0020180,2395718,1645315379999,4837.8362910,25,1297069,2619.7819090,0
1645315380000,0.0020190,0.0020190,0.0020160,0.0020160,2673037,1645315559999,5394.0999830,23,747635,1509.4750650,0
1645315560000,0.0020170,0.0020180,0.0020160,0.0020160,5595454,1645315739999,11289.7533390,22,4536994,9155.4656270,0
1645315740000,0.0020160,0.0020220,0.0020160,0.0020210,8405778,1645315919999,16976.0081770,44,7851821,15858.7333620,0
1645315920000,0.0020200,0.0020220,0.0020170,0.0020190,10950070,1645316099999,22123.1761120,60,7826124,15814.2569230,0
1645316100000,0.0020190,0.0020190,0.0020180,0.0020180,932951,1645316279999,1883.1005830,10,0,0.0000000,0
1645316280000,0.0020190,0.0020190,0.0020170,0.0020170,3064645,1645316459999,6184.3143670,18,220160,444.5030400,0
1645316460000,0.0020170,0.0020170,0.0020170,0.0020170,1244033,1645316639999,2509.2145610,5,0,0.0000000,0
1645316640000,0.0020170,0.0020170,0.0020110,0.0020120,10237607,1645316819999,20625.6417930,47,209609,421.7333080,0
1645316820000,0.0020120,0.0020120,0.0020100,0.0020100,1526750,1645316999999,3069.4421190,12,0,0.0000000,0
1645317000000,0.0020110,0.0020110,0.0020090,0.0020090,3263123,1645317179999,6557.5602630,23,338618,680.8328210,0
1645317180000,0.0020090,0.0020090,0.0020070,0.0020080,5291725,1645317359999,10626.6762770,65,1681042,3375.6806070,0
1645317360000,0.0020080,0.0020100,0.0020080,0.0020100,1646472,1645317539999,3307.7012390,20,1084724,2179.7112550,0
1645317540000,0.0020100,0.0020110,0.0020080,0.0020110,1398260,1645317719999,2809.4371920,29,1061569,2133.1772050,0
1645317720000,0.0020110,0.0020120,0.0020110,0.0020110,2557860,1645317899999,5144.6752360,12,828511,1666.9543970,0
1645317900000,0.0020110,0.0020110,0.0020080,0.0020080,4955765,1645318079999,9965.4510990,17,52075,104.6423830,0
1645318080000,0.0020080,0.0020090,0.0020070,0.0020080,1280447,1645318259999,2570.8596270,18,112929,226.7644180,0
1645318260000,0.0020080,0.0020100,0.0020070,0.0020090,852000,1645318439999,1711.3900900,16,582978,1170.9995560,0
1645318440000,0.0020100,0.0020110,0.0020090,0.0020090,2425860,1645318619999,4875.9842110,25,1316262,2646.7459290,0
1645318620000,0.0020110,0.0020110,0.0020100,0.0020110,243396,1645318799999,489.4171560,6,62232,125.1485520,0
1645318800000,0.0020110,0.0020120,0.0020100,0.0020120,1929953,1645318979999,3881.8433120,19,880697,1771.9623640,0
1645318980000,0.0020120,0.0020120,0.0020100,0.0020110,740366,1645319159999,1488.5798610,17,191945,386.1266170,0
1645319160000,0.0020110,0.0020120,0.0020100,0.0020120,850965,1645319339999,1711.8908890,6,752946,1514.8726990,0
1645319340000,0.0020100,0.0020110,0.0020080,0.0020090,5263931,1645319519999,10580.2673850,40,3159143,6351.0356480,0
1645319520000,0.0020090,0.0020110,0.0020090,0.0020110,4613475,1645319699999,9272.2924760,18,2254216,4532.5350580,0
1645319700000,0.0020100,0.0020110,0.0020090,0.0020090,1414222,1645319879999,2841.7520280,29,182431,366.8687410,0
1645319880000,0.0020090,0.0020110,0.0020090,0.0020090,291066,1645320059999,584.9031350,15,147077,295.6292340,0
1645320060000,0.0020100,0.0020110,0.0020090,0.0020100,809091,1645320239999,1626.4104880,11,433495,871.6882140,0
1645320240000,0.0020110,0.0020120,0.0020060,0.0020080,3004874,1645320419999,6037.1460590,43,873942,1755.5278190,0
1645320420000,0.0020080,0.0020090,0.0020070,0.0020080,725701,1645320599999,1457.2553180,13,291985,586.3610710,0
1645320600000,0.0020070,0.0020080,0.0020070,0.0020070,740987,1645320779999,1487.5561830,12,395274,793.7101920,0
1645320780000,0.0020080,0.0020130,0.0020080,0.0020130,6974759,1645320959999,14015.8069830,30,6965631,13997.4414470,0
1645320960000,0.0020130,0.0020160,0.0020110,0.0020160,2191713,1645321139999,4412.0986740,29,1738105,3499.7381630,0
1645321140000,0.0020140,0.0020150,0.0020130,0.0020150,1243523,1645321319999,2503.8395440,16,610789,1230.1460020,0
1645321320000,0.0020150,0.0020170,0.0020150,0.0020170,727751,1645321499999,1466.8655840,13,628751,1267.2815840,0
1645321500000,0.0020160,0.0020160,0.0020130,0.0020130,2064374,1645321679999,4156.8568770,15,384591,774.9508650,0
1645321680000,0.0020140,0.0020140,0.0020130,0.0020140,744758,1645321859999,1499.3608890,3,163035,328.3524900,0
1645321860000,0.0020140,0.0020140,0.0020130,0.0020130,2704388,1645322039999,5444.3354580,19,402414,810.4617960,0
1645322040000,0.0020140,0.0020140,0.0020130,0.0020130,938726,1645322219999,1890.3200070,13,664569,1338.4419660,0
1645322220000,0.0020130,0.0020140,0.0020130,0.0020140,519791,1645322399999,1046.5425240,9,203241,409.3273740,0
1645322400000,0.0020130,0.0020140,0.0020130,0.0020130,2194164,1645322579999,4417.9512560,20,1099124,2213.6357360,0
1645322580000,0.0020140,0.0020140,0.0020130,0.0020130,724002,1645322759999,1458.0952590,4,679233,1367.9752620,0
1645322760000,0.0020130,0.0020140,0.0020130,0.0020140,236013,1645322939999,475.1344240,4,40255,81.0735700,0
1645322940000,0.0020140,0.0020140,0.0020130,0.0020140,800736,1645323119999,1612.6350860,12,753518,1517.5852520,0
1645323120000,0.0020130,0.0020140,0.0020130,0.0020140,110449,1645323299999,222.4267940,8,92957,187.2153980,0
1645323300000,0.0020130,0.0020140,0.0020130,0.0020140,1584229,1645323479999,3189.9648440,23,911867,1836.5001380,0
1645323480000,0.0020140,0.0020160,0.0020140,0.0020150,3047105,1645323659999,6138.8045390,20,3043571,6131.6835290,0
1645323660000,0.0020160,0.0020170,0.0020160,0.0020160,462021,1645323839999,931.6163460,8,187970,379.1295300,0
1645323840000,0.0020160,0.0020180,0.0020160,0.0020180,399877,1645324019999,806.5527620,9,200365,404.3365700,0
1645324020000,0.0020170,0.0020180,0.0020160,0.0020170,245150,1645324199999,494.4100590,6,134768,271.8799470,0
1645324200000,0.0020170,0.0020170,0.0020160,0.0020160,5722375,1645324379999,11536.8508160,14,542816,1094.8598720,0
1645324380000,0.0020160,0.0020170,0.0020160,0.0020160,2152445,1645324559999,4339.4605420,13,131422,265.0781740,0
1645324560000,0.0020150,0.0020150,0.0020130,0.0020140,1290365,1645324739999,2599.0700580,17,372231,749.6732340,0
1645324740000,0.0020130,0.0020140,0.0020090,0.0020090,9502573,1645324919999,19110.9685640,28,15546,31.3096440,0
1645324920000,0.0020100,0.0020130,0.0020090,0.0020100,5549141,1645325099999,11154.9540590,35,4641200,9330.3995070,0
1645325100000,0.0020110,0.0020180,0.0020100,0.0020170,19591500,1645325279999,39451.2931670,56,19366929,38998.7163150,0
1645325280000,0.0020180,0.0020180,0.0020150,0.0020150,2126540,1645325459999,4286.9303750,10,196218,395.8187460,0
1645325460000,0.0020150,0.0020150,0.0020120,0.0020120,2883686,1645325639999,5806.8097380,17,7259,14.6268850,0
1645325640000,0.0020110,0.0020130,0.0020100,0.0020100,4672980,1645325819999,9399.0757820,29,2415728,4861.7662750,0
1645325820000,0.0020100,0.0020110,0.0020080,0.0020080,2898470,1645325999999,5823.1989870,23,103681,208.4860720,0
1645326000000,0.0020070,0.0020070,0.0020040,0.0020050,9156908,1645326179999,18357.3456030,51,242652,486.5325320,0
1645326180000,0.0020040,0.0020050,0.0020020,0.0020020,4411051,1645326359999,8838.5951710,27,971596,1948.0181040,0
1645326360000,0.0020040,0.0020040,0.0020020,0.0020040,1486136,1645326539999,2977.3113530,13,960341,1924.5233640,0
1645326540000,0.0020040,0.0020040,0.0020020,0.0020020,1347084,1645326719999,2698.7699870,9,944130,1891.9565200,0
1645326720000,0.0020020,0.0020030,0.0020020,0.0020020,3171489,1645326899999,6350.3438430,18,1462865,2929.6785950,0
1645326900000,0.0020010,0.0020040,0.0020010,0.0020040,4020791,1645327079999,8050.3987960,29,3524751,7057.8227560,0
1645327080000,0.0020040,0.0020050,0.0020030,0.0020040,4525853,1645327259999,9071.3785470,20,4405630,8830.5212040,0
1645327260000,0.0020040,0.0020050,0.0020030,0.0020050,6307778,1645327439999,12645.8669590,34,5374063,10774.7728460,0
1645327440000,0.0020060,0.0020060,0.0020040,0.0020060,2425734,1645327619999,4864.1404940,29,1191104,2388.9187260,0
1645327620000,0.0020040,0.0020050,0.0020040,0.0020050,564205,1645327799999,1130.7142780,6,47458,95.1532900,0
1645327800000,0.0020040,0.0020050,0.0020040,0.0020050,2885310,1645327979999,5783.5525190,11,1391279,2789.5143950,0
1645327980000,0.0020050,0.0020060,0.0020040,0.0020060,4886219,1645328159999,9796.6616230,26,3314545,6647.0269270,0
1645328160000,0.0020050,0.0020060,0.0020050,0.0020060,1699443,1645328339999,3408.0009990,8,617784,1239.2747040,0
1645328340000,0.0020050,0.0020070,0.0020050,0.0020070,3083902,1645328519999,6184.1073420,21,441916,886.9254120,0
1645328520000,0.0020050,0.0020070,0.0020030,0.0020040,4342600,1645328699999,8704.9650990,28,2628770,5268.7663690,0
1645328700000,0.0020040,0.0020060,0.0020030,0.0020040,2739362,1645328879999,5490.0021340,29,575424,1153.6012580,0
1645328880000,0.0020050,0.0020060,0.0020040,0.0020040,2166309,1645329059999,4345.0377670,16,1977280,3966.1081320,0
1645329060000,0.0020040,0.0020060,0.0020040,0.0020060,2056360,1645329239999,4124.1237420,18,1496481,3001.8910850,0
1645329240000,0.0020040,0.0020060,0.0020040,0.0020060,1384469,1645329419999,2775.7932870,15,984305,1973.8545540,0
1645329420000,0.0020050,0.0020060,0.0020020,0.0020020,8619983,1645329599999,17268.9021450,36,481323,965.5339380,0
1645329600000,0.0020020,0.0020020,0.0020000,0.0020020,6486301,1645329779999,12980.4866970,52,1904810,3813.4296200,0
1645329780000,0.0020020,0.0020020,0.0020010,0.0020010,4514265,1645329959999,9036.0179750,23,2973710,5953.3674200,0
1645329960000,0.0020010,0.0020020,0.0020000,0.0020020,748912,1645330139999,1498.5687020,13,69669,139.4773380,0
1645330140000,0.0020010,0.0020020,0.0020000,0.0020010,1026975,1645330319999,2055.1555060,11,469577,940.0931540,0
1645330320000,0.0020010,0.0020010,0.0020000,0.0020000,3345189,1645330499999,6692.5328870,19,1032984,2067.0009840,0
1645330500000,0.0020010,0.0020030,0.0020000,0.0020030,6087737,1645330679999,12180.9338500,23,5295258,10595.9758500,0
1645330680000,0.0020040,0.0020040,0.0020000,0.0020000,4138274,1645330859999,8284.4739720,36,2106118,4217.3232970,0
1645330860000,0.0020000,0.0020020,0.0020000,0.0020010,1603798,1645331039999,3208.5089280,22,626670,1254.2499380,0
1645331040000,0.0020000,0.0020010,0.0020000,0.0020000,3886148,1645331219999,7772.3619670,8,65967,131.9999670,0
1645331220000,0.0020000,0.0020010,0.0019970,0.0019970,13543465,1645331399999,27073.3820140,51,619263,1238.1230790,0
1645331400000,0.0019970,0.0019980,0.0019910,0.0019940,12644047,1645331579999,25208.2917460,79,3460609,6901.7033330,0
1645331580000,0.0019940,0.0019950,0.0019920,0.0019930,4617915,1645331759999,9206.1859510,40,2792690,5569.1328710,0
1645331760000,0.0019940,0.0019950,0.0019910,0.0019910,6689844,1645331939999,13324.2979810,52,1753734,3494.8381790,0
1645331940000,0.0019930,0.0019940,0.0019840,0.0019850,19048579,1645332119999,37887.1136450,122,2861777,5685.3502810,0
1645332120000,0.0019850,0.0019930,0.0019830,0.0019910,17436356,1645332299999,34690.7088180,77,7995796,15899.9780400,0
1645332300000,0.0019910,0.0019910,0.0019870,0.0019890,9320324,1645332479999,18536.0239310,60,2914172,5796.4908920,0
1645332480000,0.0019890,0.0019940,0.0019870,0.0019930,20136730,1645332659999,40053.0903920,84,13478459,26813.9339680,0
1645332660000,0.0019930,0.0019940,0.0019860,0.0019870,10337863,1645332839999,20569.4884580,52,927768,1849.0274650,0
1645332840000,0.0019870,0.0019910,0.0019870,0.0019910,6050235,1645333019999,12035.9368280,36,5661180,11262.2093350,0
1645333020000,0.0019920,0.0019920,0.0019900,0.0019920,4592022,1645333199999,9143.4314500,25,2883352,5742.5398140,0
1645333200000,0.0019920,0.0019950,0.0019910,0.0019930,10937785,1645333379999,21791.4258940,85,4723511,9412.2623650,0
1645333380000,0.0019930,0.0019940,0.0019900,0.0019940,7668032,1645333559999,15273.5314460,100,2444404,4871.7869770,0
1645333560000,0.0019940,0.0019950,0.0019900,0.0019900,6191490,1645333739999,12347.2541150,27,4694674,9365.5388040,0
1645333740000,0.0019900,0.0019950,0.0019900,0.0019930,10694399,1645333919999,21297.3899990,20,10572917,21055.4327070,0
1645333920000,0.0019950,0.0019960,0.0019930,0.0019960,2101437,1645334099999,4189.5129250,12,216186,431.4620790,0
1645334100000,0.0019960,0.0019960,0.0019920,0.0019930,6042260,1645334279999,12045.8666400,40,1328634,2650.6402820,0
1645334280000,0.0019930,0.0019950,0.0019920,0.0019940,957293,1645334459999,1908.1700780,19,297572,593.5503260,0
1645334460000,0.0019930,0.0019930,0.0019910,0.0019920,2993408,1645334639999,5960.8866620,20,329242,655.8497410,0
1645334640000,0.0019920,0.0019930,0.0019900,0.0019930,4894556,1645334819999,9750.4365640,23,3108889,6194.9738620,0
1645334820000,0.0019940,0.0019950,0.0019930,0.0019940,1914896,1645334999999,3818.2423000,12,1508067,3007.3790570,0
1645335000000,0.0019930,0.0019950,0.0019910,0.0019930,1173145,1645335179999,2338.0404190,24,277271,552.8561090,0
1645335180000,0.0019930,0.0019940,0.0019910,0.0019930,2278287,1645335359999,4538.8151920,18,458786,914.3635100,0
1645335360000,0.0019920,0.0019940,0.0019910,0.0019940,4610312,1645335539999,9188.1340440,34,3160251,6300.4373010,0
1645335540000,0.0019920,0.0019920,0.0019900,0.0019920,9765064,1645335719999,19446.4540190,61,4910347,9780.3011660,0
1645335720000,0.0019930,0.0019930,0.0019900,0.0019910,6207134,1645335899999,12355.5733190,22,1460441,2906.8747910,0
1645335900000,0.0019910,0.0019920,0.0019870,0.0019870,5540103,1645336079999,11020.9336700,51,374666,745.4104030,0
1645336080000,0.0019870,0.0019870,0.0019800,0.0019830,11914173,1645336259999,23628.7116180,88,6746387,13382.3261300,0
1645336260000,0.0019830,0.0019850,0.0019800,0.0019840,13795822,1645336439999,27346.4748440,55,5676420,11261.8989520,0
1645336440000,0.0019840,0.0019850,0.0019820,0.0019830,5007218,1645336619999,9929.1955800,36,2040289,4047.8223700,0
1645336620000,0.0019830,0.0019850,0.0019830,0.0019840,3667828,1645336799999,7275.5430410,16,1239404,2459.9782490,0
1645336800000,0.0019840,0.0019860,0.0019830,0.0019860,5327201,1645336979999,10573.3709540,43,4219874,8375.3625570,0
1645336980000,0.0019850,0.0019860,0.0019850,0.0019860,2115760,1645337159999,4200.0488300,18,265230,526.7467800,0
1645337160000,0.0019850,0.0019860,0.0019850,0.0019850,3342755,1645337339999,6635.8956610,19,526986,1046.5941960,0
1645337340000,0.0019850,0.0019860,0.0019720,0.0019750,24358875,1645337519999,48178.1913910,182,4695922,9280.2251700,0
1645337520000,0.0019730,0.0019750,0.0019680,0.0019720,24010008,1645337699999,47308.7782170,158,7101986,13999.1234870,0
1645337700000,0.0019700,0.0019710,0.0019640,0.0019660,14782052,1645337879999,29090.7837430,108,5134821,10099.4704090,0
1645337880000,0.0019670,0.0019720,0.0019650,0.0019690,11271810,1645338059999,22195.1455230,96,3683870,7254.9511370,0
1645338060000,0.0019690,0.0019700,0.0019650,0.0019690,9566513,1645338239999,18831.4386350,62,6470079,12741.2408310,0
1645338240000,0.0019690,0.0019710,0.0019660,0.0019690,24431819,1645338419999,48109.7606780,99,19059219,37540.0699930,0
1645338420000,0.0019690,0.0019700,0.0019680,0.0019700,2091571,1645338599999,4116.7411060,20,353871,696.9127140,0
1645338600000,0.0019680,0.0019700,0.0019680,0.0019680,6216537,1645338779999,12238.1797180,56,1316450,2592.9885690,0
1645338780000,0.0019680,0.0019680,0.0019660,0.0019660,1808434,1645338959999,3556.3361660,18,438386,862.3747600,0
1645338960000,0.0019660,0.0019680,0.0019510,0.0019580,59403478,1645339139999,116195.5410190,332,19035989,37248.8308100,0
1645339140000,0.0019580,0.0019600,0.0019540,0.0019600,15324851,1645339319999,29991.9013800,122,6804357,13323.6395980,0
1645339320000,0.0019600,0.0019600,0.0019590,0.0019600,1969836,1645339499999,3860.2914800,24,1382756,2710.2017600,0
1645339500000,0.0019590,0.0019590,0.0019560,0.0019560,12219492,1645339679999,23919.8069230,65,3585658,7017.9486960,0
1645339680000,0.0019580,0.0019610,0.0019560,0.0019610,12465712,1645339859999,24428.3450470,52,10106935,19809.4448520,0
1645339860000,0.0019600,0.0019610,0.0019580,0.0019610,5023851,1645340039999,9843.6137080,32,1685098,3304.3915180,0
1645340040000,0.0019610,0.0019610,0.0019580,0.0019610,6506244,1645340219999,12752.6806940,39,6165236,12084.7574310,0
1645340220000,0.0019600,0.0019600,0.0019590,0.0019600,295493,1645340399999,579.0470740,11,176287,345.5225200,0
1645340400000,0.0019590,0.0019600,0.0019570,0.0019600,10180608,1645340579999,19942.6535720,58,4643118,9100.4412520,0
1645340580000,0.0019590,0.0019600,0.0019580,0.0019600,1344145,1645340759999,2633.8633670,22,813192,1593.8563200,0
1645340760000,0.0019590,0.0019600,0.0019570,0.0019590,5691637,1645340939999,11147.2436190,44,2231196,4372.7843050,0
1645340940000,0.0019590,0.0019590,0.0019550,0.0019590,7990287,1645341119999,15632.6188640,93,2776726,5436.5495310,0
1645341120000,0.0019590,0.0019600,0.0019560,0.0019580,15322695,1645341299999,30015.2176440,50,9054019,17740.8336060,0
1645341300000,0.0019580,0.0019600,0.0019570,0.0019600,2468100,1645341479999,4833.0087860,41,2100171,4112.5729740,0
1645341480000,0.0019590,0.0019590,0.0019570,0.0019590,4976883,1645341659999,9744.1582650,37,1200898,2351.8092700,0
1645341660000,0.0019590,0.0019600,0.0019560,0.0019600,9959933,1645341839999,19501.0455110,57,7785019,15244.9082850,0
1645341840000,0.0019600,0.0019650,0.0019580,0.0019650,9053173,1645342019999,17760.0798220,48,8620253,16912.4182440,0
1645342020000,0.0019640,0.0019660,0.0019640,0.0019660,9538212,1645342199999,18744.0448350,41,8464072,16634.2431620,0
1645342200000,0.0019660,0.0019670,0.0019640,0.0019670,2708151,1645342379999,5320.5642180,26,753285,1481.0874440,0
1645342380000,0.0019670,0.0019680,0.0019650,0.0019680,6449677,1645342559999,12680.2792630,40,2060660,4053.4594900,0
1645342560000,0.0019680,0.0019690,0.0019670,0.0019670,1782563,1645342739999,3508.1477640,23,1471400,2895.9474100,0
1645342740000,0.0019680,0.0019690,0.0019630,0.0019650,7055523,1645342919999,13861.2738940,29,686495,1349.6826370,0
1645342920000,0.0019640,0.0019640,0.0019570,0.0019570,12768424,1645343099999,25036.1484860,45,285019,558.9344030,0
1645343100000,0.0019570,0.0019580,0.0019550,0.0019560,7084352,1645343279999,13860.1739920,40,1821878,3566.9274060,0
1645343280000,0.0019550,0.0019580,0.0019510,0.0019560,30583631,1645343459999,59766.8420360,80,17015403,33270.4320770,0
1645343460000,0.0019570,0.0019650,0.0019560,0.0019640,20850949,1645343639999,40885.6845000,63,19876681,38973.7535800,0
1645343640000,0.0019640,0.0019640,0.0019610,0.0019630,2918820,1645343819999,5726.7685930,30,599219,1176.2725800,0
1645343820000,0.0019630,0.0019630,0.0019590,0.0019610,7184086,1645343999999,14085.2899470,41,527631,1035.0144990,0
1645344000000,0.0019600,0.0019610,0.0019580,0.0019580,1695252,1645344179999,3321.9696020,23,643027,1260.9759470,0
1645344180000,0.0019590,0.0019600,0.0019580,0.0019600,4546495,1645344359999,8909.1983920,42,3441226,6743.9922160,0
1645344360000,0.0019600,0.0019630,0.0019590,0.0019590,7969278,1645344539999,15628.1586730,48,3895561,7639.7263750,0
1645344540000,0.0019610,0.0019620,0.0019560,0.0019570,13092703,1645344719999,25665.0306250,63,3246964,6368.7552210,0
1645344720000,0.0019590,0.0019590,0.0019560,0.0019560,1630375,1645344899999,3192.8309640,23,624160,1222.7294400,0
1645344900000,0.0019580,0.0019580,0.0019540,0.0019540,2319996,1645345079999,4537.7616740,33,200813,393.0628000,0
1645345080000,0.0019540,0.0019620,0.0019540,0.0019620,15804367,1645345259999,30956.4248390,105,15084731,29546.3491430,0
1645345260000,0.0019590,0.0019610,0.0019550,0.0019550,14985360,1645345439999,29331.1916300,59,1838421,3595.4641790,0
1645345440000,0.0019550,0.0019550,0.0019510,0.0019510,14847804,1645345619999,28993.2502980,68,1981597,3872.6774480,0
1645345620000,0.0019520,0.0019530,0.0019520,0.0019530,1444266,1645345799999,2819.8457640,14,638532,1247.0529960,0
1645345800000,0.0019530,0.0019540,0.0019520,0.0019530,9027840,1645345979999,17628.0794410,37,3650281,7130.0763340,0
1645345980000,0.0019540,0.0019540,0.0019530,0.0019530,5043663,1645346159999,9852.1158070,31,1841968,3599.2054720,0
1645346160000,0.0019540,0.0019540,0.0019510,0.0019510,7114449,1645346339999,13883.8089270,29,867618,1694.1340670,0
1645346340000,0.0019510,0.0019530,0.0019490,0.0019520,7340747,1645346519999,14320.2651510,64,4312967,8415.5650600,0
1645346520000,0.0019520,0.0019520,0.0019460,0.0019460,18213369,1645346699999,35526.2107150,107,4548945,8875.7352350,0
1645346700000,0.0019470,0.0019500,0.0019470,0.0019480,9562406,1645346879999,18626.6672550,60,4193037,8167.8434330,0
1645346880000,0.0019470,0.0019510,0.0019470,0.0019510,7973840,1645347059999,15539.5205810,58,2613966,5096.1021170,0
1645347060000,0.0019510,0.0019510,0.0019490,0.0019510,1083897,1645347239999,2113.8403870,22,597156,1165.0513560,0
1645347240000,0.0019500,0.0019550,0.0019500,0.0019500,14773247,1645347419999,28840.7868360,67,6899049,13476.3071850,0
1645347420000,0.0019500,0.0019540,0.0019470,0.0019480,9122432,1645347599999,17780.3944430,56,2568644,5009.1966600,0
1645347600000,0.0019470,0.0019510,0.0019470,0.0019480,8442122,1645347779999,16450.5613230,66,5268979,10269.5841540,0
1645347780000,0.0019490,0.0019510,0.0019480,0.0019490,7645758,1645347959999,14905.2427570,100,2565983,5003.0538450,0
1645347960000,0.0019500,0.0019560,0.0019490,0.0019540,8935886,1645348139999,17462.0614220,69,7516684,14692.3992520,0
1645348140000,0.0019530,0.0019570,0.0019530,0.0019560,11652965,1645348319999,22777.0524580,77,7656819,14968.6640680,0
1645348320000,0.0019560,0.0019580,0.0019550,0.0019560,5912336,1645348499999,11566.5458790,42,3512113,6871.2318500,0
1645348500000,0.0019550,0.0019570,0.0019550,0.0019560,3772517,1645348679999,7377.6518600,36,3484917,6815.3938600,0
1645348680000,0.0019550,0.0019590,0.0019540,0.0019590,9454870,1645348859999,18506.5849710,49,8238644,16126.4428030,0
1645348860000,0.0019580,0.0019590,0.0019560,0.0019560,8389779,1645349039999,16428.5806410,35,6806358,13330.1859760,0
1645349040000,0.0019560,0.0019560,0.0019530,0.0019560,3073487,1645349219999,6006.2038160,32,219872,430.0696320,0
1645349220000,0.0019540,0.0019560,0.0019530,0.0019550,4988181,1645349399999,9747.3315760,31,492572,963.0138340,0
1645349400000,0.0019530,0.0019560,0.0019530,0.0019540,6534183,1645349579999,12765.7564360,42,1935127,3783.0714620,0
1645349580000,0.0019530,0.0019550,0.0019520,0.0019550,2919379,1645349759999,5702.0558390,20,712263,1392.0570340,0
1645349760000,0.0019550,0.0019580,0.0019550,0.0019580,1807929,1645349939999,3538.1157890,20,357107,698.8322630,0
1645349940000,0.0019580,0.0019600,0.0019580,0.0019600,3175327,1645350119999,6220.6464480,34,565096,1107.3574020,0
1645350120000,0.0019590,0.0019600,0.0019590,0.0019600,3505139,1645350299999,6867.0562280,13,488927,958.2969200,0
1645350300000,0.0019600,0.0019620,0.0019590,0.0019610,8626122,1645350479999,16915.3257160,116,3019982,5922.2743530,0
1645350480000,0.0019600,0.0019620,0.0019600,0.0019600,835726,1645350659999,1638.6705180,23,485970,953.1487580,0
1645350660000,0.0019620,0.0019620,0.0019610,0.0019610,7004288,1645350839999,13741.7759520,4,6367184,12492.4150080,0
1645350840000,0.0019610,0.0019620,0.0019610,0.0019620,2019657,1645351019999,3962.5630680,12,2015691,3954.7857420,0
1645351020000,0.0019620,0.0019630,0.0019590,0.0019630,8148245,1645351199999,15978.3473890,47,4055230,7953.4531230,0
1645351200000,0.0019630,0.0019640,0.0019620,0.0019630,3193744,1645351379999,6270.2746920,29,1578874,3100.6183890,0
1645351380000,0.0019630,0.0019640,0.0019620,0.0019640,3045983,1645351559999,5981.6004060,24,2942051,5777.5953570,0
1645351560000,0.0019640,0.0019730,0.0019630,0.0019710,16587842,1645351739999,32668.3596290,122,13531368,26651.9817570,0
1645351740000,0.0019690,0.0019700,0.0019660,0.0019670,5229053,1645351919999,10291.8641560,32,479571,943.8134470,0
1645351920000,0.0019650,0.0019670,0.0019650,0.0019660,985738,1645352099999,1938.6334040,14,738294,1452.2242980,0
1645352100000,0.0019650,0.0019650,0.0019610,0.0019610,17801038,1645352279999,34937.8372160,54,2597073,5095.4572260,0
1645352280000,0.0019610,0.0019620,0.0019610,0.0019610,4930854,1645352459999,9671.6353980,73,4396812,8624.3790360,0
1645352460000,0.0019610,0.0019650,0.0019600,0.0019640,7140052,1645352639999,14006.8269700,34,6123619,12012.1592820,0
1645352640000,0.0019640,0.0019650,0.0019630,0.0019650,1327920,1645352819999,2607.3897540,22,473703,930.5617830,0
1645352820000,0.0019650,0.0019650,0.0019630,0.0019640,2847379,1645352999999,5593.6095410,26,1526727,2999.9083410,0
1645353000000,0.0019640,0.0019650,0.0019640,0.0019650,1170893,1645353179999,2300.4426030,11,808751,1589.1957150,0
1645353180000,0.0019650,0.0019650,0.0019620,0.0019640,3641354,1645353359999,7149.2909550,37,1555925,3056.8519710,0
1645353360000,0.0019640,0.0019650,0.0019620,0.0019630,7685164,1645353539999,15087.2536150,33,6645395,13046.0351640,0
1645353540000,0.0019640,0.0019650,0.0019630,0.0019630,350527,1645353719999,688.2555990,9,106996,210.1962240,0
1645353720000,0.0019640,0.0019640,0.0019610,0.0019610,1706453,1645353899999,3347.2998990,21,2676,5.2556640,0
1645353900000,0.0019610,0.0019630,0.0019600,0.0019600,3620384,1645354079999,7098.6940380,28,450001,883.2138910,0
1645354080000,0.0019600,0.0019610,0.0019590,0.0019590,3806434,1645354259999,7459.5169160,25,776984,1523.6656240,0
1645354260000,0.0019600,0.0019600,0.0019590,0.0019600,2808223,1645354439999,5501.4743530,20,165496,324.3721600,0
1645354440000,0.0019600,0.0019630,0.0019600,0.0019630,1540783,1645354619999,3022.1821020,29,1321036,2591.4779820,0
1645354620000,0.0019630,0.0019630,0.0019610,0.0019610,1712831,1645354799999,3361.8714630,18,1708754,3353.8764660,0
1645354800000,0.0019610,0.0019640,0.0019610,0.0019640,2378131,1645354979999,4667.5862560,23,1144919,2248.2136760,0
1645354980000,0.0019640,0.0019640,0.0019550,0.0019550,11003203,1645355159999,21575.8023690,73,764802,1499.8783980,0
1645355160000,0.0019560,0.0019600,0.0019560,0.0019590,3566236,1645355339999,6987.4946910,23,3566236,6987.4946910,0
1645355340000,0.0019570,0.0019600,0.0019570,0.0019590,5736502,1645355519999,11238.1320480,31,5343557,10468.4001430,0
1645355520000,0.0019580,0.0019630,0.0019580,0.0019620,7128873,1645355699999,13980.3376770,55,2331310,4571.7815040,0
1645355700000,0.0019620,0.0019630,0.0019610,0.0019610,1570577,1645355879999,3081.8730990,17,960323,1885.1140490,0
1645355880000,0.0019610,0.0019620,0.0019600,0.0019610,4461518,1645356059999,8748.3887430,28,718105,1408.6919670,0
1645356060000,0.0019620,0.0019620,0.0019590,0.0019620,3048065,1645356239999,5976.9382180,23,1038926,2038.0028300,0
1645356240000,0.0019620,0.0019630,0.0019590,0.0019590,3584431,1645356419999,7025.3648730,32,781377,1531.7734120,0
1645356420000,0.0019600,0.0019610,0.0019580,0.0019600,944786,1645356599999,1851.4482200,16,615373,1205.9867320,0
1645356600000,0.0019590,0.0019600,0.0019580,0.0019590,2882028,1645356779999,5645.5814260,12,387145,758.8042000,0
1645356780000,0.0019580,0.0019620,0.0019580,0.0019610,3603606,1645356959999,7062.0884150,21,3379851,6623.6384540,0
1645356960000,0.0019610,0.0019620,0.0019600,0.0019600,806031,1645357139999,1580.6923810,10,283510,556.2466200,0
1645357140000,0.0019610,0.0019610,0.0019600,0.0019610,391780,1645357319999,768.2380760,5,0,0.0000000,0
1645357320000,0.0019600,0.0019620,0.0019600,0.0019620,243977,1645357499999,478.6477340,4,226407,444.2105340,0
1645357500000,0.0019610,0.0019620,0.0019600,0.0019620,1608629,1645357679999,3154.1135910,11,542409,1064.2064580,0
1645357680000,0.0019620,0.0019670,0.0019620,0.0019670,4982194,1645357859999,9788.5837020,35,4577423,8993.3711380,0
1645357860000,0.0019670,0.0019670,0.0019650,0.0019650,2928090,1645358039999,5758.7729800,21,2407832,4736.2028730,0
1645358040000,0.0019670,0.0019670,0.0019650,0.0019650,1131504,1645358219999,2224.4300710,12,200574,394.4190760,0
1645358220000,0.0019660,0.0019680,0.0019650,0.0019680,5971684,1645358399999,11744.4996810,28,4722211,9287.4320520,0
1645358400000,0.0019680,0.0019690,0.0019660,0.0019660,5972334,1645358579999,11752.0923610,41,1333673,2624.7394630,0
1645358580000,0.0019670,0.0019690,0.0019670,0.0019680,750519,1645358759999,1476.7386020,13,229342,451.3803900,0
1645358760000,0.0019680,0.0019690,0.0019680,0.0019680,1310481,1645358939999,2579.5087180,21,482110,949.2745900,0
1645358940000,0.0019700,0.0019700,0.0019690,0.0019700,1324122,1645359119999,2607.3202800,13,124062,244.4021400,0
1645359120000,0.0019690,0.0019730,0.0019690,0.0019710,18776603,1645359299999,37009.2208600,226,5880558,11596.8985690,0
1645359300000,0.0019690,0.0019710,0.0019690,0.0019710,2924328,1645359479999,5759.6297020,16,726035,1430.6650990,0
1645359480000,0.0019710,0.0019770,0.0019700,0.0019740,27790643,1645359659999,54808.5594350,259,20220937,39888.1470430,0
1645359660000,0.0019740,0.0019740,0.0019720,0.0019740,4241392,1645359839999,8370.0537800,28,1659017,3274.8995580,0
1645359840000,0.0019740,0.0019740,0.0019700,0.0019710,3382697,1645360019999,6669.4872690,30,1091809,2153.2579680,0
1645360020000,0.0019710,0.0019710,0.0019610,0.0019620,16013218,1645360199999,31523.3208000,83,1753938,3455.5324860,0
1645360200000,0.0019610,0.0019620,0.0019610,0.0019620,2082858,1645360379999,4086.3473070,24,1862769,3654.7527780,0
1645360380000,0.0019620,0.0019640,0.0019620,0.0019630,5825895,1645360559999,11433.1837540,44,3845564,7546.5325840,0
1645360560000,0.0019630,0.0019650,0.0019630,0.0019650,4510624,1645360739999,8857.7178000,26,2292401,4503.3460510,0
1645360740000,0.0019630,0.0019650,0.0019630,0.0019630,6048926,1645360919999,11874.8025800,12,380421,747.5272650,0
1645360920000,0.0019640,0.0019650,0.0019640,0.0019640,512613,1645361099999,1007.0191710,11,247239,485.8246350,0
1645361100000,0.0019650,0.0019650,0.0019600,0.0019620,18299488,1645361279999,35880.1981680,48,1469384,2884.0573470,0
1645361280000,0.0019620,0.0019620,0.0019590,0.0019590,1263712,1645361459999,2477.4600090,24,469324,920.4646320,0
1645361460000,0.0019600,0.0019600,0.0019580,0.0019590,2533457,1645361639999,4963.9002260,45,1725648,3381.4198800,0
1645361640000,0.0019590,0.0019600,0.0019570,0.0019590,7855391,1645361819999,15380.0704370,89,3785292,7412.9168420,0
1645361820000,0.0019590,0.0019590,0.0019570,0.0019590,1433668,1645361999999,2807.6252830,15,555378,1087.9855020,0
1645362000000,0.0019590,0.0019630,0.0019580,0.0019580,7449328,1645362179999,14608.0264590,52,6348011,12449.6573540,0
1645362180000,0.0019590,0.0019600,0.0019580,0.0019590,5349618,1645362359999,10476.7103290,20,1559265,3055.0569880,0
1645362360000,0.0019600,0.0019610,0.0019600,0.0019600,2835513,1645362539999,5559.6757400,20,2244383,4401.0609400,0
1645362540000,0.0019610,0.0019620,0.0019580,0.0019580,3413168,1645362719999,6690.2757850,30,178872,350.7769740,0
1645362720000,0.0019600,0.0019600,0.0019580,0.0019590,1322229,1645362899999,2590.3369880,23,822259,1611.1186250,0
1645362900000,0.0019580,0.0019620,0.0019550,0.0019620,12750543,1645363079999,24966.3652490,125,8654998,16947.7996660,0
1645363080000,0.0019620,0.0019640,0.0019620,0.0019620,1694012,1645363259999,3323.9413800,13,99704,195.7220680,0
1645363260000,0.0019630,0.0019640,0.0019630,0.0019630,3554805,1645363439999,6980.8762120,22,2793997,5487.4101080,0
1645363440000,0.0019630,0.0019640,0.0019610,0.0019610,3382353,1645363619999,6640.6494220,21,2318771,4553.9956590,0
1645363620000,0.0019620,0.0019630,0.0019600,0.0019610,1721893,1645363799999,3376.9911280,17,918316,1801.1826290,0
1645363800000,0.0019610,0.0019610,0.0019580,0.0019580,20486707,1645363979999,40142.5422710,55,4046868,7929.3611860,0
1645363980000,0.0019580,0.0019580,0.0019570,0.0019580,1311640,1645364159999,2567.0932330,13,34134,66.8343720,0
1645364160000,0.0019580,0.0019590,0.0019570,0.0019590,1566075,1645364339999,3066.3504520,26,601107,1177.3540230,0
1645364340000,0.0019580,0.0019600,0.0019580,0.0019600,1455527,1645364519999,2851.3280180,18,730310,1431.0672900,0
1645364520000,0.0019600,0.0019620,0.0019600,0.0019600,9172184,1645364699999,17984.1029650,50,6124515,12008.4410730,0
1645364700000,0.0019610,0.0019650,0.0019610,0.0019650,5444105,1645364879999,10689.1760030,37,4853269,9528.8055150,0
1645364880000,0.0019640,0.0019660,0.0019640,0.0019640,2483941,1645365059999,4880.5782140,20,1173737,2307.3375580,0
1645365060000,0.0019660,0.0019660,0.0019640,0.0019640,525015,1645365239999,1031.1905580,7,30549,60.0593340,0
1645365240000,0.0019640,0.0019660,0.0019640,0.0019640,2208167,1645365419999,4339.5886520,18,1374332,2701.9367120,0
1645365420000,0.0019640,0.0019680,0.0019630,0.0019630,13450033,1645365599999,26430.4071150,53,5831755,11469.9669360,0
1645365600000,0.0019640,0.0019640,0.0019610,0.0019610,8786915,1645365779999,17242.1864830,51,300690,590.3012400,0
1645365780000,0.0019610,0.0019630,0.0019610,0.0019620,2803856,1645365959999,5500.1820860,26,1050622,2061.9840080,0
1645365960000,0.0019610,0.0019610,0.0019590,0.0019590,6017905,1645366139999,11793.4952450,38,2399872,4702.0496540,0
1645366140000,0.0019600,0.0019600,0.0019590,0.0019590,1852747,1645366319999,3629.7638480,16,232475,455.6510000,0
1645366320000,0.0019590,0.0019600,0.0019560,0.0019560,8440394,1645366499999,16526.0887570,63,1462894,2864.3685720,0
1645366500000,0.0019560,0.0019560,0.0019520,0.0019520,25431560,1645366679999,49695.1473170,80,3706096,7246.3088390,0
1645366680000,0.0019520,0.0019540,0.0019500,0.0019500,16093168,1645366859999,31405.2843330,93,5243630,10233.1961430,0
1645366860000,0.0019500,0.0019540,0.0019480,0.0019540,32050202,1645367039999,62523.5907060,128,15940897,31117.5796840,0
1645367040000,0.0019540,0.0019610,0.0019530,0.0019590,11292153,1645367219999,22098.1870450,81,9765638,19113.5916200,0
1645367220000,0.0019590,0.0019600,0.0019560,0.0019570,4358095,1645367399999,8528.2823340,31,1314481,2573.6589430,0
1645367400000,0.0019560,0.0019560,0.0019470,0.0019500,20660860,1645367579999,40317.7243470,102,6594168,12860.3257190,0
1645367580000,0.0019510,0.0019510,0.0019460,0.0019470,22382326,1645367759999,43600.7473440,162,8277510,16125.6155320,0
1645367760000,0.0019470,0.0019490,0.0019460,0.0019490,8585505,1645367939999,16724.4528800,60,7549224,14706.9158720,0
1645367940000,0.0019480,0.0019490,0.0019460,0.0019490,4698490,1645368119999,9151.5137880,78,3350881,6527.9729030,0
1645368120000,0.0019480,0.0019480,0.0019460,0.0019480,5296065,1645368299999,10311.0087680,40,1370368,2669.4768640,0
1645368300000,0.0019480,0.0019500,0.0019470,0.0019470,5007872,1645368479999,9759.3537300,42,4436691,8646.9745660,0
1645368480000,0.0019470,0.0019490,0.0019470,0.0019470,9997142,1645368659999,19477.7630940,170,7800922,15200.8782720,0
1645368660000,0.0019490,0.0019490,0.0019460,0.0019470,5848965,1645368839999,11389.7574010,51,1614834,3145.4759890,0
1645368840000,0.0019470,0.0019530,0.0019450,0.0019510,17058022,1645369019999,33226.6077210,154,10631950,20717.9972720,0
1645369020000,0.0019520,0.0019530,0.0019510,0.0019530,814334,1645369199999,1589.4540640,10,300546,586.9663380,0
1645369200000,0.0019530,0.0019610,0.0019520,0.0019590,16941701,1645369379999,33151.8098170,95,14037655,27464.0180300,0
1645369380000,0.0019590,0.0019610,0.0019560,0.0019580,17318711,1645369559999,33917.1481260,69,5545030,10866.4602140,0
1645369560000,0.0019580,0.0019600,0.0019580,0.0019590,2485044,1645369739999,4869.0550910,30,1594952,3125.7860840,0
1645369740000,0.0019590,0.0019600,0.0019580,0.0019580,1876748,1645369919999,3676.8408610,26,1424877,2791.7379930,0
1645369920000,0.0019580,0.0019600,0.0019580,0.0019580,667296,1645370099999,1307.1720880,14,437412,857.0592160,0
1645370100000,0.0019580,0.0019630,0.0019560,0.0019620,34946145,1645370279999,68482.8125870,151,22167118,43464.2584780,0
1645370280000,0.0019610,0.0019740,0.0019610,0.0019710,31572884,1645370459999,62195.2717980,191,25374524,49986.1040830,0
1645370460000,0.0019710,0.0019720,0.0019640,0.0019650,25290619,1645370639999,49755.9918020,115,6147150,12100.1440640,0
1645370640000,0.0019660,0.0019670,0.0019620,0.0019630,6642044,1645370819999,13046.8421230,60,1867995,3671.9188810,0
1645370820000,0.0019630,0.0019650,0.0019630,0.0019630,6858710,1645370999999,13468.0225930,43,3919274,7697.7696800,0
1645371000000,0.0019630,0.0019670,0.0019620,0.0019650,16235506,1645371179999,31899.4663240,94,13097448,25739.2860790,0
1645371180000,0.0019640,0.0019660,0.0019620,0.0019620,15118007,1645371359999,29681.4172670,65,1687636,3315.7006720,0
1645371360000,0.0019630,0.0019650,0.0019590,0.0019630,18255764,1645371539999,35821.9081120,83,4145086,8144.1320640,0
1645371540000,0.0019630,0.0019650,0.0019630,0.0019650,1901873,1645371719999,3735.3079650,39,735345,1444.9113890,0
1645371720000,0.0019640,0.0019650,0.0019630,0.0019650,2766178,1645371899999,5432.2841320,28,1153206,2265.2535920,0
1645371900000,0.0019640,0.0019660,0.0019640,0.0019650,4960583,1645372079999,9747.4679490,30,3275375,6436.5090200,0
1645372080000,0.0019660,0.0019660,0.0019640,0.0019650,2255212,1645372259999,4432.4284650,28,1012176,1989.9113980,0
1645372260000,0.0019660,0.0019690,0.0019660,0.0019670,5712908,1645372439999,11238.6457800,59,4270535,8401.2389790,0
1645372440000,0.0019680,0.0019700,0.0019610,0.0019630,25323038,1645372619999,49798.1100560,170,4993448,9833.7018350,0
1645372620000,0.0019640,0.0019640,0.0019630,0.0019630,1656603,1645372799999,3253.2262590,13,1314570,2581.8154800,0
1645372800000,0.0019630,0.0019650,0.0019630,0.0019640,4342100,1645372979999,8527.1240850,27,2491154,4893.6431570,0
1645372980000,0.0019640,0.0019670,0.0019640,0.0019670,1393079,1645373159999,2737.9475380,20,694908,1366.1664740,0
1645373160000,0.0019660,0.0019680,0.0019660,0.0019680,3625604,1645373339999,7131.2845390,25,1495821,2943.3058310,0
1645373340000,0.0019670,0.0019680,0.0019670,0.0019670,4328781,1645373519999,8517.1165480,34,2404321,4731.7037280,0
1645373520000,0.0019670,0.0019680,0.0019670,0.0019670,6524437,1645373699999,12835.5835780,42,4050570,7969.4871890,0
1645373700000,0.0019660,0.0019660,0.0019630,0.0019640,14521112,1645373879999,28524.5358440,61,3461240,6799.4105000,0
1645373880000,0.0019640,0.0019650,0.0019630,0.0019650,5200631,1645374059999,10215.0616530,33,3934927,7728.4094910,0
1645374060000,0.0019640,0.0019670,0.0019640,0.0019670,2554169,1645374239999,5022.3582940,21,2241706,4408.3934680,0
1645374240000,0.0019670,0.0019680,0.0019660,0.0019680,2034686,1645374419999,4002.4063720,18,297786,585.9851800,0
1645374420000,0.0019680,0.0019680,0.0019640,0.0019650,13457281,1645374599999,26460.2294230,47,4618667,9080.3689350,0
1645374600000,0.0019650,0.0019660,0.0019640,0.0019640,3390848,1645374779999,6662.6622220,35,2186821,4297.6956670,0
1645374780000,0.0019640,0.0019660,0.0019630,0.0019640,3713111,1645374959999,7292.6514830,38,1571531,3087.3418600,0
1645374960000,0.0019640,0.0019660,0.0019630,0.0019650,3445221,1645375139999,6767.5584180,27,1195745,2349.8553140,0
1645375140000,0.0019650,0.0019650,0.0019630,0.0019630,11452713,1645375319999,22485.7907650,66,3238789,6361.7912370,0
1645375320000,0.0019640,0.0019650,0.0019630,0.0019630,1177612,1645375499999,2313.0881530,24,719542,1413.6608270,0
1645375500000,0.0019630,0.0019650,0.0019630,0.0019630,952701,1645375679999,1870.8110150,20,183226,359.9863490,0
1645375680000,0.0019650,0.0019650,0.0019630,0.0019650,1717165,1645375859999,3373.5897020,21,1113063,2187.1687950,0
1645375860000,0.0019650,0.0019660,0.0019640,0.0019640,1722736,1645376039999,3385.5368200,17,1629009,3201.4569920,0
1645376040000,0.0019640,0.0019660,0.0019640,0.0019650,1657122,1645376219999,3255.5331590,18,922041,1811.8340750,0
1645376220000,0.0019650,0.0019650,0.0019630,0.0019640,6771086,1645376399999,13300.7195570,37,4472977,8788.1135220,0
1645376400000,0.0019640,0.0019640,0.0019630,0.0019630,3560436,1645376579999,6991.2002370,16,2064369,4054.4207160,0
1645376580000,0.0019630,0.0019640,0.0019620,0.0019620,13152708,1645376759999,25813.2539170,44,1430411,2807.9613630,0
1645376760000,0.0019620,0.0019650,0.0019620,0.0019630,7604447,1645376939999,14932.4476580,32,1647390,3234.3222270,0
1645376940000,0.0019640,0.0019650,0.0019630,0.0019650,651289,1645377119999,1279.2173220,14,347160,682.1694000,0
1645377120000,0.0019640,0.0019650,0.0019630,0.0019630,429648,1645377299999,843.8840130,15,364737,716.4374890,0
1645377300000,0.0019640,0.0019650,0.0019620,0.0019650,3887091,1645377479999,7634.2712760,36,2425286,4765.0711710,0
1645377480000,0.0019650,0.0019660,0.0019640,0.0019650,1379655,1645377659999,2711.2708400,27,570938,1122.1506990,0
1645377660000,0.0019660,0.0019660,0.0019640,0.0019640,1316129,1645377839999,2585.9352820,23,568591,1117.7706500,0
1645377840000,0.0019640,0.0019640,0.0019610,0.0019630,5255275,1645378019999,10313.8758970,34,1177426,2312.4536140,0
1645378020000,0.0019620,0.0019620,0.0019620,0.0019620,6314998,1645378199999,12390.0260760,31,964511,1892.3705820,0
1645378200000,0.0019610,0.0019630,0.0019610,0.0019630,4455220,1645378379999,8741.4328090,26,3690779,7242.3640080,0
1645378380000,0.0019630,0.0019630,0.0019610,0.0019610,723321,1645378559999,1418.4484990,9,8009,15.7216670,0
1645378560000,0.0019630,0.0019630,0.0019610,0.0019630,807606,1645378739999,1584.9134900,10,599062,1175.9587060,0
1645378740000,0.0019620,0.0019620,0.0019580,0.0019600,19591748,1645378919999,38406.5876010,63,3151426,6178.7106900,0
1645378920000,0.0019610,0.0019610,0.0019600,0.0019600,1692123,1645379099999,3317.8747030,11,1313623,2576.0147030,0
1645379100000,0.0019600,0.0019620,0.0019590,0.0019600,6195455,1645379279999,12148.3892160,39,3612229,7085.9847530,0
1645379280000,0.0019600,0.0019610,0.0019580,0.0019590,6327662,1645379459999,12400.7668230,43,1932857,3788.4517340,0
1645379460000,0.0019590,0.0019610,0.0019580,0.0019600,3246921,1645379639999,6361.8138880,31,1337601,2621.8347490,0
1645379640000,0.0019600,0.0019620,0.0019590,0.0019620,4528455,1645379819999,8879.6470850,35,4353887,8537.6683730,0
1645379820000,0.0019620,0.0019630,0.0019600,0.0019600,9166769,1645379999999,17976.7914350,43,4562164,8951.7656350,0
1645380000000,0.0019610,0.0019610,0.0019570,0.0019580,20053036,1645380179999,39269.2560170,93,6643725,13010.1778640,0
1645380180000,0.0019580,0.0019590,0.0019570,0.0019580,4431751,1645380359999,8677.0424540,24,3773809,7389.2442230,0
1645380360000,0.0019590,0.0019600,0.0019570,0.0019590,5307716,1645380539999,10394.6512600,32,3756242,7358.1936970,0
1645380540000,0.0019600,0.0019600,0.0019570,0.0019580,4189872,1645380719999,8204.4973460,21,123335,241.6647120,0
1645380720000,0.0019590,0.0019650,0.0019580,0.0019630,6521418,1645380899999,12789.8138610,54,4324054,8479.4677920,0
1645380900000,0.0019650,0.0019650,0.0019630,0.0019630,4486439,1645381079999,8811.7072840,35,1988070,3906.4408430,0
1645381080000,0.0019650,0.0019650,0.0019630,0.0019640,1557719,1645381259999,3060.8109380,16,1488693,2925.2817450,0
1645381260000,0.0019640,0.0019650,0.0019640,0.0019640,474803,1645381439999,932.6357760,14,122684,241.0740600,0
1645381440000,0.0019650,0.0019650,0.0019640,0.0019650,1029389,1645381619999,2022.6179650,9,897969,1764.5090850,0
1645381620000,0.0019640,0.0019640,0.0019630,0.0019640,1947903,1645381799999,3825.3219010,15,1220908,2397.8633120,0
1645381800000,0.0019630,0.0019680,0.0019630,0.0019670,8175067,1645381979999,16073.4102250,44,6778029,13331.0246310,0
1645381980000,0.0019670,0.0019690,0.0019670,0.0019690,3168498,1645382159999,6235.8339070,27,1908300,3756.0323590,0
1645382160000,0.0019690,0.0019700,0.0019680,0.0019690,4513493,1645382339999,8889.5283220,30,4206196,8284.7011380,0
1645382340000,0.0019690,0.0019710,0.0019680,0.0019700,6385094,1645382519999,12576.4339790,78,2665926,5249.7244390,0
1645382520000,0.0019700,0.0019710,0.0019700,0.0019710,2399448,1645382699999,4729.1650060,20,2252446,4439.5710660,0
1645382700000,0.0019700,0.0019720,0.0019700,0.0019700,3717310,1645382879999,7326.3051310,75,1865486,3677.8465950,0
1645382880000,0.0019720,0.0019720,0.0019700,0.0019720,6329666,1645383059999,12475.4554550,161,1173228,2313.0519010,0
1645383060000,0.0019720,0.0019720,0.0019680,0.0019680,2599426,1645383239999,5120.5938270,21,393477,775.6830930,0
1645383240000,0.0019690,0.0019710,0.0019680,0.0019680,3485186,1645383419999,6864.9246830,36,1675426,3300.2721690,0
1645383420000,0.0019690,0.0019700,0.0019680,0.0019700,2898988,1645383599999,5706.6234370,22,517492,1019.4592400,0
1645383600000,0.0019690,0.0019690,0.0019680,0.0019680,5442415,1645383779999,10713.2332430,25,2560523,5041.6697870,0
1645383780000,0.0019680,0.0019690,0.0019670,0.0019670,877925,1645383959999,1727.7359010,10,57917,114.0385730,0
1645383960000,0.0019680,0.0019680,0.0019670,0.0019670,184547,1645384139999,363.0747520,6,70803,139.3403040,0
1645384140000,0.0019670,0.0019680,0.0019670,0.0019670,846473,1645384319999,1665.6322070,18,602185,1185.1000800,0
1645384320000,0.0019680,0.0019680,0.0019670,0.0019680,3447783,1645384499999,6782.0618060,15,8887,17.4896160,0
1645384500000,0.0019670,0.0019680,0.0019660,0.0019660,1988049,1645384679999,3910.5496300,14,877113,1725.9188880,0
1645384680000,0.0019650,0.0019660,0.0019650,0.0019650,606730,1645384859999,1192.3022530,10,77803,152.9606980,0
1645384860000,0.0019650,0.0019660,0.0019650,0.0019650,892566,1645385039999,1753.8947350,8,2545,5.0034700,0
1645385040000,0.0019660,0.0019670,0.0019660,0.0019670,1928045,1645385219999,3792.0006540,14,1887413,3712.1181420,0
1645385220000,0.0019670,0.0019680,0.0019670,0.0019670,510809,1645385399999,1005.0916010,5,330298,650.0264640,0
1645385400000,0.0019670,0.0019680,0.0019670,0.0019680,1965081,1645385579999,3866.0768820,13,762555,1500.7082400,0
1645385580000,0.0019670,0.0019680,0.0019670,0.0019680,1191856,1645385759999,2344.8392930,9,458541,902.4086880,0
1645385760000,0.0019670,0.0019670,0.0019670,0.0019670,1552663,1645385939999,3054.0881210,5,0,0.0000000,0
1645385940000,0.0019670,0.0019680,0.0019670,0.0019680,558417,1645386119999,1098.5426230,6,136384,268.4037120,0
1645386120000,0.0019670,0.0019680,0.0019670,0.0019680,132609,1645386299999,260.9523680,6,110465,217.3951200,0
1645386300000,0.0019680,0.0019690,0.0019670,0.0019690,4661279,1645386479999,9176.6037600,20,3518423,6927.4970860,0
1645386480000,0.0019690,0.0019700,0.0019680,0.0019700,2585359,1645386659999,5091.3016020,26,879733,1733.0232620,0
1645386660000,0.0019700,0.0019700,0.0019690,0.0019700,3592435,1645386839999,7075.8626950,23,2358180,4645.6146000,0
1645386840000,0.0019690,0.0019700,0.0019680,0.0019680,881468,1645387019999,1735.2776530,12,64370,126.8089000,0
1645387020000,0.0019680,0.0019690,0.0019660,0.0019670,2009686,1645387199999,3953.4761040,16,41096,80.9180240,0
1645387200000,0.0019670,0.0019690,0.0019670,0.0019670,2347128,1645387379999,4617.5949250,28,311488,613.1085340,0
1645387380000,0.0019670,0.0019670,0.0019660,0.0019660,5128511,1645387559999,10086.1099230,30,2153104,4235.1555680,0
1645387560000,0.0019660,0.0019670,0.0019660,0.0019670,470594,1645387739999,925.2157310,10,27927,54.9324090,0
1645387740000,0.0019670,0.0019680,0.0019670,0.0019670,3190690,1645387919999,6276.1315240,18,91170,179.3756840,0
1645387920000,0.0019670,0.0019680,0.0019670,0.0019680,1438561,1645388099999,2829.8844450,18,234958,462.3973440,0
1645388100000,0.0019680,0.0019680,0.0019650,0.0019660,6656288,1645388279999,13088.5264460,26,888210,1747.9733830,0
1645388280000,0.0019660,0.0019660,0.0019650,0.0019650,1006276,1645388459999,1978.0466100,14,231429,454.9894140,0
1645388460000,0.0019650,0.0019660,0.0019650,0.0019660,745125,1645388639999,1464.2809900,12,110365,216.9775900,0
1645388640000,0.0019650,0.0019660,0.0019650,0.0019660,2001015,1645388819999,3932.0568940,20,62419,122.7157540,0
1645388820000,0.0019660,0.0019660,0.0019650,0.0019650,5035985,1645388999999,9895.7862790,15,978760,1923.3391540,0
1645389000000,0.0019650,0.0019650,0.0019630,0.0019630,5115580,1645389179999,10044.2554190,23,217694,427.7307790,0
1645389180000,0.0019630,0.0019660,0.0019630,0.0019640,8084096,1645389359999,15881.9103330,41,5438119,10685.1421900,0
1645389360000,0.0019640,0.0019660,0.0019640,0.0019660,3081131,1645389539999,6051.4323660,10,44205,86.9070300,0
1645389540000,0.0019640,0.0019640,0.0019630,0.0019640,4870296,1645389719999,9560.8571980,26,332980,653.9727200,0
1645389720000,0.0019650,0.0019660,0.0019630,0.0019650,2342244,1645389899999,4602.9347220,19,1294815,2544.8894120,0
1645389900000,0.0019650,0.0019660,0.0019630,0.0019660,2552579,1645390079999,5015.1773770,32,1245254,2447.4819280,0
1645390080000,0.0019640,0.0019650,0.0019640,0.0019650,438180,1645390259999,860.6255710,5,40051,78.7002150,0
1645390260000,0.0019650,0.0019660,0.0019640,0.0019640,1145279,1645390439999,2250.0315410,14,378066,743.0597360,0
1645390440000,0.0019640,0.0019650,0.0019640,0.0019640,1683443,1645390619999,3307.5408110,18,1258759,2473.4614350,0
1645390620000,0.0019650,0.0019660,0.0019640,0.0019650,2179932,1645390799999,4283.2364140,19,1650428,3243.2905580,0
1645390800000,0.0019640,0.0019650,0.0019640,0.0019650,2515035,1645390979999,4939.8084720,21,279732,549.6733800,0
1645390980000,0.0019640,0.0019660,0.0019640,0.0019650,3926814,1645391159999,7718.3994690,24,3587580,7051.8048300,0
1645391160000,0.0019640,0.0019670,0.0019640,0.0019650,3814280,1645391339999,7499.3502930,23,2907772,5717.3720870,0
1645391340000,0.0019650,0.0019670,0.0019640,0.0019640,5584716,1645391519999,10974.1298540,30,2023295,3979.2875320,0
1645391520000,0.0019640,0.0019650,0.0019590,0.0019600,13316841,1645391699999,26118.5658350,137,310049,608.8950620,0
1645391700000,0.0019600,0.0019600,0.0019580,0.0019590,3684390,1645391879999,7217.6605230,44,1299875,2547.3544140,0
1645391880000,0.0019590,0.0019590,0.0019580,0.0019580,2055430,1645392059999,4025.0812900,41,1745024,3417.3063420,0
1645392060000,0.0019590,0.0019590,0.0019570,0.0019590,1924358,1645392239999,3766.9464580,24,656250,1285.1534880,0
1645392240000,0.0019590,0.0019600,0.0019580,0.0019580,5741538,1645392419999,11247.2471300,38,4341628,8506.2160410,0
1645392420000,0.0019590,0.0019590,0.0019520,0.0019560,27395691,1645392599999,53580.9834580,298,12666743,24773.1397780,0
1645392600000,0.0019550,0.0019580,0.0019540,0.0019580,13223558,1645392779999,25863.8646520,89,6235574,12198.9963060,0
1645392780000,0.0019570,0.0019580,0.0019550,0.0019570,7289863,1645392959999,14271.2007980,53,3294770,6450.9352560,0
1645392960000,0.0019560,0.0019570,0.0019520,0.0019550,16830406,1645393139999,32881.5573550,110,5300776,10361.3310160,0
1645393140000,0.0019550,0.0019570,0.0019550,0.0019570,3189023,1645393319999,6238.6302830,74,2623059,5131.8184600,0
1645393320000,0.0019550,0.0019570,0.0019550,0.0019570,8276476,1645393499999,16186.4708090,53,3028089,5925.8661730,0
1645393500000,0.0019570,0.0019580,0.0019560,0.0019570,5423323,1645393679999,10612.3669330,49,2507267,4907.1855170,0
1645393680000,0.0019570,0.0019570,0.0019550,0.0019560,1966282,1645393859999,3845.8792790,46,341003,667.1553690,0
1645393860000,0.0019550,0.0019570,0.0019550,0.0019550,493340,1645394039999,964.6522480,17,89342,174.7783720,0
1645394040000,0.0019550,0.0019570,0.0019550,0.0019570,524479,1645394219999,1026.2274240,9,458840,897.8418610,0
1645394220000,0.0019570,0.0019580,0.0019570,0.0019580,1422985,1645394399999,2785.6966750,16,1102195,2157.9106450,0
1645394400000,0.0019570,0.0019590,0.0019560,0.0019590,8267570,1645394579999,16188.0509830,48,6347611,12431.0056190,0
1645394580000,0.0019580,0.0019600,0.0019560,0.0019590,16368558,1645394759999,32044.4785990,73,7993824,15654.7514550,0
1645394760000,0.0019590,0.0019600,0.0019580,0.0019600,1095711,1645394939999,2146.3263550,26,680156,1332.5050810,0
1645394940000,0.0019590,0.0019610,0.0019590,0.0019610,819512,1645395119999,1606.3468730,20,612397,1200.5963260,0
1645395120000,0.0019600,0.0019620,0.0019600,0.0019620,1876607,1645395299999,3679.9194910,20,1639107,3214.4194910,0
1645395300000,0.0019610,0.0019610,0.0019610,0.0019610,283407,1645395479999,555.7611270,6,0,0.0000000,0
1645395480000,0.0019620,0.0019620,0.0019610,0.0019610,1787350,1645395659999,3505.5153250,17,521975,1024.1149500,0
1645395660000,0.0019600,0.0019610,0.0019600,0.0019610,289223,1645395839999,567.0154320,4,138352,271.3082720,0
1645395840000,0.0019610,0.0019620,0.0019600,0.0019620,4817453,1645396019999,9448.5533150,23,3079089,6041.0972610,0
1645396020000,0.0019620,0.0019620,0.0019620,0.0019620,930557,1645396199999,1825.7528340,6,930557,1825.7528340,0
1645396200000,0.0019610,0.0019640,0.0019610,0.0019640,2851381,1645396379999,5595.2875410,25,2563681,5031.1078410,0
1645396380000,0.0019640,0.0019640,0.0019630,0.0019640,778313,1645396559999,1528.1194350,11,291016,571.5554240,0
1645396560000,0.0019630,0.0019650,0.0019630,0.0019640,1445241,1645396739999,2837.1515620,17,77206,151.6832350,0
1645396740000,0.0019650,0.0019650,0.0019640,0.0019640,1758702,1645396919999,3454.8271980,15,736470,1447.1635500,0
1645396920000,0.0019640,0.0019670,0.0019640,0.0019670,3972998,1645397099999,7811.9452020,45,3071636,6040.3141680,0
1645397100000,0.0019670,0.0019700,0.0019670,0.0019690,4531808,1645397279999,8921.3378010,44,4083341,8038.4159570,0
1645397280000,0.0019690,0.0019720,0.0019680,0.0019690,16035958,1645397459999,31597.8262000,211,2414520,4759.2770580,0
1645397460000,0.0019690,0.0019730,0.0019670,0.0019690,31165549,1645397639999,61393.7964920,266,16333239,32182.0311690,0
1645397640000,0.0019680,0.0019710,0.0019680,0.0019690,9601609,1645397819999,18913.4236510,60,8135177,16026.6715340,0
1645397820000,0.0019690,0.0019720,0.0019690,0.0019710,12090233,1645397999999,23826.2358250,191,2289461,4512.4411820,0
1645398000000,0.0019700,0.0019720,0.0019670,0.0019690,15452679,1645398179999,30440.6581820,270,8964951,17662.0168370,0
1645398180000,0.0019680,0.0019680,0.0019630,0.0019630,8858225,1645398359999,17407.3334630,99,2521456,4958.1008760,0
1645398360000,0.0019640,0.0019670,0.0019640,0.0019660,2451478,1645398539999,4817.5041910,35,1550700,3047.5413070,0
1645398540000,0.0019660,0.0019660,0.0019620,0.0019630,15052037,1645398719999,29560.7954210,72,2645408,5198.1039200,0
1645398720000,0.0019630,0.0019630,0.0019610,0.0019630,907405,1645398899999,1780.3048260,26,337608,662.5763540,0
1645398900000,0.0019620,0.0019620,0.0019570,0.0019590,13419958,1645399079999,26291.7781730,149,5783074,11331.2665660,0
1645399080000,0.0019580,0.0019590,0.0019570,0.0019590,2229297,1645399259999,4365.7546630,29,917949,1798.2620910,0
1645399260000,0.0019590,0.0019610,0.0019580,0.0019600,4500658,1645399439999,8817.0639420,42,1996093,3911.5676660,0
1645399440000,0.0019610,0.0019620,0.0019600,0.0019610,2325798,1645399619999,4560.6611520,33,1148453,2252.6755120,0
1645399620000,0.0019620,0.0019640,0.0019610,0.0019640,3495266,1645399799999,6864.1492470,23,3490394,6854.5951630,0
1645399800000,0.0019640,0.0019660,0.0019640,0.0019650,11017572,1645399979999,21646.4474100,54,5361172,10534.7030600,0
1645399980000,0.0019650,0.0019700,0.0019650,0.0019690,5618601,1645400159999,11053.9351090,39,2359881,4644.1086970,0
1645400160000,0.0019690,0.0019710,0.0019680,0.0019690,5574335,1645400339999,10977.8718330,53,2871509,5657.3431160,0
1645400340000,0.0019690,0.0019760,0.0019680,0.0019760,20140343,1645400519999,39735.2950540,181,16417220,32395.5579030,0
1645400520000,0.0019740,0.0019760,0.0019710,0.0019720,7176576,1645400699999,14165.5809700,59,2522544,4981.6464770,0
1645400700000,0.0019720,0.0019790,0.0019700,0.0019760,27402134,1645400879999,54114.7025540,151,24019993,47435.6552730,0
1645400880000,0.0019760,0.0019800,0.0019750,0.0019780,9372018,1645401059999,18527.1126800,81,4151562,8207.8829800,0
1645401060000,0.0019780,0.0019780,0.0019740,0.0019750,6911245,1645401239999,13647.2140920,73,2012449,3975.5677630,0
1645401240000,0.0019750,0.0019760,0.0019710,0.0019740,15750174,1645401419999,31074.0366580,85,3994795,7886.2810700,0
1645401420000,0.0019740,0.0019750,0.0019710,0.0019710,6637553,1645401599999,13087.6811040,42,2943081,5804.9860680,0
